[{"model": "admin.logentry", "pk": 1, "fields": {"action_time": "2020-11-09T20:21:32.544Z", "user": 1, "content_type": 7, "object_id": "1", "object_repr": "www.appleitems.com", "action_flag": 2, "change_message": "[{\"changed\": {\"fields\": [\"Domain name\", \"Display name\"]}}]"}}, {"model": "admin.logentry", "pk": 2, "fields": {"action_time": "2020-11-14T21:22:10.980Z", "user": 1, "content_type": 13, "object_id": "1", "object_repr": "MacBook", "action_flag": 1, "change_message": "[{\"added\": {}}]"}}, {"model": "admin.logentry", "pk": 3, "fields": {"action_time": "2020-11-14T21:22:53.103Z", "user": 1, "content_type": 13, "object_id": "2", "object_repr": "iPhone", "action_flag": 1, "change_message": "[{\"added\": {}}]"}}, {"model": "admin.logentry", "pk": 4, "fields": {"action_time": "2020-11-14T21:23:11.181Z", "user": 1, "content_type": 13, "object_id": "3", "object_repr": "Apple Watch", "action_flag": 1, "change_message": "[{\"added\": {}}]"}}, {"model": "admin.logentry", "pk": 5, "fields": {"action_time": "2020-11-14T21:23:25.718Z", "user": 1, "content_type": 13, "object_id": "4", "object_repr": "iPad", "action_flag": 1, "change_message": "[{\"added\": {}}]"}}, {"model": "admin.logentry", "pk": 6, "fields": {"action_time": "2020-11-14T21:33:12.466Z", "user": 1, "content_type": 14, "object_id": "1", "object_repr": "APPLE 13.3\" MacBook Air with Retina Display (2020)", "action_flag": 1, "change_message": "[{\"added\": {}}]"}}, {"model": "admin.logentry", "pk": 7, "fields": {"action_time": "2020-11-14T21:41:31.849Z", "user": 1, "content_type": 14, "object_id": "2", "object_repr": "APPLE 13.3\" MacBook Air with Retina Display (2020) - 256 GB SSD, Gold", "action_flag": 1, "change_message": "[{\"added\": {}}]"}}, {"model": "admin.logentry", "pk": 8, "fields": {"action_time": "2020-11-14T21:43:24.431Z", "user": 1, "content_type": 14, "object_id": "1", "object_repr": "APPLE 13.3\" MacBook Air with Retina Display (2020) - 256 GB SSD, Space Grey", "action_flag": 2, "change_message": "[{\"changed\": {\"fields\": [\"Name\"]}}]"}}, {"model": "admin.logentry", "pk": 9, "fields": {"action_time": "2020-11-14T21:46:03.378Z", "user": 1, "content_type": 14, "object_id": "3", "object_repr": "APPLE 13.3\" MacBook Air with Retina Display (2020) - 256 GB SSD, Silver", "action_flag": 1, "change_message": "[{\"added\": {}}]"}}, {"model": "admin.logentry", "pk": 10, "fields": {"action_time": "2020-11-14T21:54:41.989Z", "user": 1, "content_type": 14, "object_id": "4", "object_repr": "APPLE 13.3\" MacBook Air with Retina Display (2020) - 512 GB SSD, Space Grey", "action_flag": 1, "change_message": "[{\"added\": {}}]"}}, {"model": "admin.logentry", "pk": 11, "fields": {"action_time": "2020-11-14T21:56:21.159Z", "user": 1, "content_type": 14, "object_id": "5", "object_repr": "APPLE 13.3\" MacBook Air with Retina Display (2020) - 512 GB SSD, Silver", "action_flag": 1, "change_message": "[{\"added\": {}}]"}}, {"model": "admin.logentry", "pk": 12, "fields": {"action_time": "2020-11-14T21:58:03.730Z", "user": 1, "content_type": 14, "object_id": "6", "object_repr": "APPLE 13.3\" MacBook Air with Retina Display (2020) - 512 GB SSD, Gold", "action_flag": 1, "change_message": "[{\"added\": {}}]"}}, {"model": "admin.logentry", "pk": 13, "fields": {"action_time": "2020-11-14T22:13:08.394Z", "user": 1, "content_type": 14, "object_id": "7", "object_repr": "APPLE 16\" MacBook Pro with Touch Bar (2019) - 512 GB SSD, Space Grey", "action_flag": 1, "change_message": "[{\"added\": {}}]"}}, {"model": "admin.logentry", "pk": 14, "fields": {"action_time": "2020-11-14T22:14:26.375Z", "user": 1, "content_type": 14, "object_id": "8", "object_repr": "APPLE 16\" MacBook Pro with Touch Bar (2019) - 512 GB SSD, Silver", "action_flag": 1, "change_message": "[{\"added\": {}}]"}}, {"model": "admin.logentry", "pk": 15, "fields": {"action_time": "2020-11-14T22:17:02.660Z", "user": 1, "content_type": 14, "object_id": "9", "object_repr": "APPLE 16\" MacBook Pro with Touch Bar (2019) - 1 TB SSD, Space Grey", "action_flag": 1, "change_message": "[{\"added\": {}}]"}}, {"model": "admin.logentry", "pk": 16, "fields": {"action_time": "2020-11-14T22:20:15.145Z", "user": 1, "content_type": 14, "object_id": "10", "object_repr": "APPLE 16\" MacBook Pro with Touch Bar (2019) - 1 TB SSD, Silver", "action_flag": 1, "change_message": "[{\"added\": {}}]"}}, {"model": "admin.logentry", "pk": 17, "fields": {"action_time": "2020-11-14T22:26:57.694Z", "user": 1, "content_type": 14, "object_id": "11", "object_repr": "APPLE 13\" MacBook Pro with Touch Bar (2020) - 512 GB SSD, Silver", "action_flag": 1, "change_message": "[{\"added\": {}}]"}}, {"model": "admin.logentry", "pk": 18, "fields": {"action_time": "2020-11-14T22:29:22.072Z", "user": 1, "content_type": 14, "object_id": "12", "object_repr": "APPLE 13\" MacBook Pro with Touch Bar (2020) - 512 GB SSD, Silver", "action_flag": 1, "change_message": "[{\"added\": {}}]"}}, {"model": "admin.logentry", "pk": 19, "fields": {"action_time": "2020-11-14T22:33:37.909Z", "user": 1, "content_type": 14, "object_id": "13", "object_repr": "APPLE 13\" MacBook Pro with Touch Bar (2020) - 256 GB SSD, Silver M1 Chip", "action_flag": 1, "change_message": "[{\"added\": {}}]"}}, {"model": "admin.logentry", "pk": 20, "fields": {"action_time": "2020-11-14T22:37:39.384Z", "user": 1, "content_type": 14, "object_id": "14", "object_repr": "APPLE 13\" MacBook Pro with Touch Bar (2020) - 256 GB SSD, Space Gray M1 Chip", "action_flag": 1, "change_message": "[{\"added\": {}}]"}}, {"model": "admin.logentry", "pk": 21, "fields": {"action_time": "2020-11-14T22:41:03.048Z", "user": 1, "content_type": 14, "object_id": "15", "object_repr": "APPLE 13\" MacBook Pro with Touch Bar (2020) - 1 TB SSD, Space Grey", "action_flag": 1, "change_message": "[{\"added\": {}}]"}}, {"model": "admin.logentry", "pk": 22, "fields": {"action_time": "2020-11-14T22:43:34.514Z", "user": 1, "content_type": 14, "object_id": "16", "object_repr": "APPLE 13\" MacBook Pro with Touch Bar (2020) - 1 TB SSD, Silver", "action_flag": 1, "change_message": "[{\"added\": {}}]"}}, {"model": "admin.logentry", "pk": 23, "fields": {"action_time": "2020-11-14T22:45:16.251Z", "user": 1, "content_type": 14, "object_id": "17", "object_repr": "APPLE 13\" MacBook Pro with Touch Bar (2020) - 512 GB SSD, Space Grey", "action_flag": 1, "change_message": "[{\"added\": {}}]"}}, {"model": "admin.logentry", "pk": 24, "fields": {"action_time": "2020-11-14T22:47:33.873Z", "user": 1, "content_type": 14, "object_id": "18", "object_repr": "APPLE 13\" MacBook Pro with Touch Bar (2020) - 512 GB SSD, Space Grey", "action_flag": 1, "change_message": "[{\"added\": {}}]"}}, {"model": "admin.logentry", "pk": 25, "fields": {"action_time": "2020-11-14T22:57:32.874Z", "user": 1, "content_type": 14, "object_id": "19", "object_repr": "APPLE 10.9\" iPad Air Cellular (2020) - 256 GB, Sky Blue", "action_flag": 1, "change_message": "[{\"added\": {}}]"}}, {"model": "admin.logentry", "pk": 26, "fields": {"action_time": "2020-11-14T22:59:05.679Z", "user": 1, "content_type": 14, "object_id": "20", "object_repr": "APPLE 10.9\" iPad Air Cellular (2020) - 256 GB, Rose Gold", "action_flag": 1, "change_message": "[{\"added\": {}}]"}}, {"model": "admin.logentry", "pk": 27, "fields": {"action_time": "2020-11-14T23:00:21.399Z", "user": 1, "content_type": 14, "object_id": "21", "object_repr": "APPLE 10.9\" iPad Air Cellular (2020) - 256 GB, Space Grey", "action_flag": 1, "change_message": "[{\"added\": {}}]"}}, {"model": "admin.logentry", "pk": 28, "fields": {"action_time": "2020-11-14T23:01:34.041Z", "user": 1, "content_type": 14, "object_id": "22", "object_repr": "APPLE 10.9\" iPad Air Cellular (2020) - 256 GB, Silver", "action_flag": 1, "change_message": "[{\"added\": {}}]"}}, {"model": "admin.logentry", "pk": 29, "fields": {"action_time": "2020-11-14T23:02:43.736Z", "user": 1, "content_type": 14, "object_id": "23", "object_repr": "APPLE 10.9\" iPad Air Cellular (2020) - 256 GB, Green", "action_flag": 1, "change_message": "[{\"added\": {}}]"}}, {"model": "admin.logentry", "pk": 30, "fields": {"action_time": "2020-11-14T23:06:45.007Z", "user": 1, "content_type": 14, "object_id": "24", "object_repr": "APPLE 10.9\" iPad Air (2020) - 256 GB, Green", "action_flag": 1, "change_message": "[{\"added\": {}}]"}}, {"model": "admin.logentry", "pk": 31, "fields": {"action_time": "2020-11-14T23:08:55.192Z", "user": 1, "content_type": 14, "object_id": "25", "object_repr": "APPLE 10.9\" iPad Air (2020) - 256 GB, Sky Blue", "action_flag": 1, "change_message": "[{\"added\": {}}]"}}, {"model": "admin.logentry", "pk": 32, "fields": {"action_time": "2020-11-14T23:11:01.617Z", "user": 1, "content_type": 14, "object_id": "26", "object_repr": "APPLE 10.9\" iPad Air (2020) - 256 GB, Rose Gold", "action_flag": 1, "change_message": "[{\"added\": {}}]"}}, {"model": "admin.logentry", "pk": 33, "fields": {"action_time": "2020-11-14T23:12:18.035Z", "user": 1, "content_type": 14, "object_id": "27", "object_repr": "APPLE 10.9\" iPad Air (2020) - 256 GB, Space Grey", "action_flag": 1, "change_message": "[{\"added\": {}}]"}}, {"model": "admin.logentry", "pk": 34, "fields": {"action_time": "2020-11-14T23:13:50.502Z", "user": 1, "content_type": 14, "object_id": "28", "object_repr": "APPLE 10.9\" iPad Air (2020) - 256 GB, Silver", "action_flag": 1, "change_message": "[{\"added\": {}}]"}}, {"model": "admin.logentry", "pk": 35, "fields": {"action_time": "2020-11-15T14:35:32.554Z", "user": 1, "content_type": 14, "object_id": "29", "object_repr": "APPLE Watch Series 6 Cellular - Space Grey Aluminum with Black Nike Sports Band, 40 mm", "action_flag": 1, "change_message": "[{\"added\": {}}]"}}, {"model": "admin.logentry", "pk": 36, "fields": {"action_time": "2020-11-15T14:36:43.579Z", "user": 1, "content_type": 14, "object_id": "30", "object_repr": "APPLE Watch Series 5 Cellular - Silver Aluminium with Platinum & Black Nike Sports Band, 44 mm", "action_flag": 1, "change_message": "[{\"added\": {}}]"}}, {"model": "admin.logentry", "pk": 37, "fields": {"action_time": "2020-11-15T14:37:54.752Z", "user": 1, "content_type": 14, "object_id": "31", "object_repr": "APPLE Watch Series 6 Cellular - Blue Aluminium with Deep Navy Sports Band, 40 mm", "action_flag": 1, "change_message": "[{\"added\": {}}]"}}, {"model": "admin.logentry", "pk": 38, "fields": {"action_time": "2020-11-15T14:40:38.603Z", "user": 1, "content_type": 14, "object_id": "32", "object_repr": "APPLE Watch Series 6 Cellular - Silver Aluminium with Pure Platinum Black Nike Sports Band, 40mm", "action_flag": 1, "change_message": "[{\"added\": {}}]"}}, {"model": "admin.logentry", "pk": 39, "fields": {"action_time": "2020-11-15T14:41:37.106Z", "user": 1, "content_type": 14, "object_id": "32", "object_repr": "APPLE Watch Series 6 Cellular - Silver Aluminium with Pure Platinum & Black Nike Sports Band, 40 mm", "action_flag": 2, "change_message": "[{\"changed\": {\"fields\": [\"Name\"]}}]"}}, {"model": "admin.logentry", "pk": 40, "fields": {"action_time": "2020-11-15T14:42:49.523Z", "user": 1, "content_type": 14, "object_id": "33", "object_repr": "APPLE Watch Series 6 Cellular - Space Grey Aluminium with Black Sports Band, 40 mm", "action_flag": 1, "change_message": "[{\"added\": {}}]"}}, {"model": "admin.logentry", "pk": 41, "fields": {"action_time": "2020-11-15T14:44:16.062Z", "user": 1, "content_type": 14, "object_id": "34", "object_repr": "APPLE Watch Series 5 Cellular - Space Grey Aluminium with Black Sports Band, 44 mm", "action_flag": 1, "change_message": "[{\"added\": {}}]"}}, {"model": "admin.logentry", "pk": 42, "fields": {"action_time": "2020-11-15T14:45:53.656Z", "user": 1, "content_type": 14, "object_id": "35", "object_repr": "APPLE Watch Series 5 Cellular - Gold Aluminium with Pink Sand Sports Band, 44 mm", "action_flag": 1, "change_message": "[{\"added\": {}}]"}}, {"model": "admin.logentry", "pk": 43, "fields": {"action_time": "2020-11-15T14:46:03.242Z", "user": 1, "content_type": 14, "object_id": "34", "object_repr": "APPLE Watch Series 5 Cellular - Space Grey Aluminium with Black Sports Band, 44 mm", "action_flag": 2, "change_message": "[{\"changed\": {\"fields\": [\"Description\"]}}]"}}, {"model": "admin.logentry", "pk": 44, "fields": {"action_time": "2020-11-15T14:46:13.284Z", "user": 1, "content_type": 14, "object_id": "33", "object_repr": "APPLE Watch Series 6 Cellular - Space Grey Aluminium with Black Sports Band, 40 mm", "action_flag": 2, "change_message": "[{\"changed\": {\"fields\": [\"Description\"]}}]"}}, {"model": "admin.logentry", "pk": 45, "fields": {"action_time": "2020-11-15T14:46:21.180Z", "user": 1, "content_type": 14, "object_id": "32", "object_repr": "APPLE Watch Series 6 Cellular - Silver Aluminium with Pure Platinum & Black Nike Sports Band, 40 mm", "action_flag": 2, "change_message": "[]"}}, {"model": "admin.logentry", "pk": 46, "fields": {"action_time": "2020-11-15T14:47:49.123Z", "user": 1, "content_type": 14, "object_id": "36", "object_repr": "APPLE Watch Series 6 Cellular - Space Grey Aluminum with Black Nike Sports Band, 44 mm", "action_flag": 1, "change_message": "[{\"added\": {}}]"}}, {"model": "admin.logentry", "pk": 47, "fields": {"action_time": "2020-11-15T14:49:55.769Z", "user": 1, "content_type": 14, "object_id": "37", "object_repr": "APPLE Watch Series 6 Cellular - Gold Aluminium with Pink Sand Sports Band, 44 mm", "action_flag": 1, "change_message": "[{\"added\": {}}]"}}, {"model": "admin.logentry", "pk": 48, "fields": {"action_time": "2020-11-15T14:51:10.398Z", "user": 1, "content_type": 14, "object_id": "38", "object_repr": "APPLE Watch Series 6 Cellular - PRODUCT(RED) Aluminium with PRODUCT(RED) Sports Band, 44 mm", "action_flag": 1, "change_message": "[{\"added\": {}}]"}}, {"model": "admin.logentry", "pk": 49, "fields": {"action_time": "2020-11-15T15:07:30.605Z", "user": 1, "content_type": 14, "object_id": "39", "object_repr": "APPLE Watch Series 6 Cellular - Blue Aluminium with Deep Navy Sports Band, 44 mm", "action_flag": 1, "change_message": "[{\"added\": {}}]"}}, {"model": "admin.logentry", "pk": 50, "fields": {"action_time": "2020-11-15T15:22:03.346Z", "user": 1, "content_type": 14, "object_id": "40", "object_repr": "APPLE Watch Series 6 Cellular - Silver Aluminium with Pure Platinum & Black Nike Sports Band, 44 mm", "action_flag": 1, "change_message": "[{\"added\": {}}]"}}, {"model": "admin.logentry", "pk": 51, "fields": {"action_time": "2020-11-15T15:22:20.328Z", "user": 1, "content_type": 14, "object_id": "40", "object_repr": "APPLE Watch Series 6 Cellular - Silver Aluminium with Pure Platinum & Black Nike Sports Band, 44 mm", "action_flag": 2, "change_message": "[{\"changed\": {\"fields\": [\"Image\"]}}]"}}, {"model": "admin.logentry", "pk": 52, "fields": {"action_time": "2020-11-15T15:23:31.149Z", "user": 1, "content_type": 14, "object_id": "41", "object_repr": "APPLE Watch Series 6 Cellular - Space Grey Aluminium with Black Sports Band, 44 mm", "action_flag": 1, "change_message": "[{\"added\": {}}]"}}, {"model": "admin.logentry", "pk": 53, "fields": {"action_time": "2020-11-15T15:24:37.111Z", "user": 1, "content_type": 14, "object_id": "42", "object_repr": "APPLE Watch Series 6 Cellular - Silver Aluminium with White Sports Band, 44 mm", "action_flag": 1, "change_message": "[{\"added\": {}}]"}}, {"model": "admin.logentry", "pk": 54, "fields": {"action_time": "2020-11-15T15:39:59.302Z", "user": 1, "content_type": 14, "object_id": "43", "object_repr": "APPLE iPhone 12 Pro Max - 256 GB, Silver", "action_flag": 1, "change_message": "[{\"added\": {}}]"}}, {"model": "admin.logentry", "pk": 55, "fields": {"action_time": "2020-11-15T15:40:42.168Z", "user": 1, "content_type": 14, "object_id": "44", "object_repr": "APPLE iPhone 12 Pro Max - 256 GB, Gold", "action_flag": 1, "change_message": "[{\"added\": {}}]"}}, {"model": "admin.logentry", "pk": 56, "fields": {"action_time": "2020-11-15T15:45:37.108Z", "user": 1, "content_type": 14, "object_id": "45", "object_repr": "APPLE iPhone 12 Pro Max - 256 GB, Graphite", "action_flag": 1, "change_message": "[{\"added\": {}}]"}}, {"model": "admin.logentry", "pk": 57, "fields": {"action_time": "2020-11-15T15:46:37.722Z", "user": 1, "content_type": 14, "object_id": "46", "object_repr": "APPLE iPhone 12 Pro Max - 128 GB, Gold", "action_flag": 1, "change_message": "[{\"added\": {}}]"}}, {"model": "admin.logentry", "pk": 58, "fields": {"action_time": "2020-11-15T15:47:36.301Z", "user": 1, "content_type": 14, "object_id": "47", "object_repr": "APPLE iPhone 12 Pro Max - 512 GB, Graphite", "action_flag": 1, "change_message": "[{\"added\": {}}]"}}, {"model": "admin.logentry", "pk": 59, "fields": {"action_time": "2020-11-15T15:48:33.463Z", "user": 1, "content_type": 14, "object_id": "48", "object_repr": "APPLE iPhone 12 Pro Max - 512 GB, Pacific Blue", "action_flag": 1, "change_message": "[{\"added\": {}}]"}}, {"model": "admin.logentry", "pk": 60, "fields": {"action_time": "2020-11-15T15:49:51.843Z", "user": 1, "content_type": 14, "object_id": "49", "object_repr": "APPLE iPhone 12 Pro Max - 512 GB, Silver", "action_flag": 1, "change_message": "[{\"added\": {}}]"}}, {"model": "admin.logentry", "pk": 61, "fields": {"action_time": "2020-11-15T15:51:02.656Z", "user": 1, "content_type": 14, "object_id": "50", "object_repr": "APPLE iPhone 12 Pro Max - 512 GB, Gold", "action_flag": 1, "change_message": "[{\"added\": {}}]"}}, {"model": "admin.logentry", "pk": 62, "fields": {"action_time": "2020-11-15T15:52:16.166Z", "user": 1, "content_type": 14, "object_id": "51", "object_repr": "APPLE iPhone 12 Pro Max - 256 GB, Pacific Blue", "action_flag": 1, "change_message": "[{\"added\": {}}]"}}, {"model": "admin.logentry", "pk": 63, "fields": {"action_time": "2020-11-15T15:53:33.779Z", "user": 1, "content_type": 14, "object_id": "52", "object_repr": "APPLE iPhone 12 Pro Max - 128 GB, Silver", "action_flag": 1, "change_message": "[{\"added\": {}}]"}}, {"model": "admin.logentry", "pk": 64, "fields": {"action_time": "2020-11-15T15:54:52.447Z", "user": 1, "content_type": 14, "object_id": "53", "object_repr": "APPLE iPhone 12 Pro Max - 128 GB, Graphite", "action_flag": 1, "change_message": "[{\"added\": {}}]"}}, {"model": "admin.logentry", "pk": 65, "fields": {"action_time": "2020-11-15T15:58:57.308Z", "user": 1, "content_type": 14, "object_id": "54", "object_repr": "APPLE iPhone 11 Pro Max - 512 GB, Midnight Green", "action_flag": 1, "change_message": "[{\"added\": {}}]"}}, {"model": "admin.logentry", "pk": 66, "fields": {"action_time": "2020-11-15T16:00:52.182Z", "user": 1, "content_type": 14, "object_id": "55", "object_repr": "APPLE iPhone 11 Pro Max - 512 GB, Gold", "action_flag": 1, "change_message": "[{\"added\": {}}]"}}, {"model": "admin.logentry", "pk": 67, "fields": {"action_time": "2020-11-15T16:02:48.219Z", "user": 1, "content_type": 14, "object_id": "56", "object_repr": "APPLE iPhone 11 Pro Max - 512 GB, Silver", "action_flag": 1, "change_message": "[{\"added\": {}}]"}}, {"model": "admin.logentry", "pk": 68, "fields": {"action_time": "2020-11-15T16:03:54.548Z", "user": 1, "content_type": 14, "object_id": "57", "object_repr": "APPLE iPhone 11 Pro Max - 512 GB, Space Grey", "action_flag": 1, "change_message": "[{\"added\": {}}]"}}, {"model": "admin.logentry", "pk": 69, "fields": {"action_time": "2020-11-15T16:05:22.201Z", "user": 1, "content_type": 14, "object_id": "58", "object_repr": "APPLE iPhone 11 Pro Max - 256 GB, Midnight Green", "action_flag": 1, "change_message": "[{\"added\": {}}]"}}, {"model": "admin.logentry", "pk": 70, "fields": {"action_time": "2020-11-15T16:06:25.175Z", "user": 1, "content_type": 14, "object_id": "59", "object_repr": "APPLE iPhone 11 Pro Max - 256 GB, Gold", "action_flag": 1, "change_message": "[{\"added\": {}}]"}}, {"model": "admin.logentry", "pk": 71, "fields": {"action_time": "2020-11-15T16:07:38.001Z", "user": 1, "content_type": 14, "object_id": "60", "object_repr": "APPLE iPhone 11 Pro Max - 256 GB, Silver", "action_flag": 1, "change_message": "[{\"added\": {}}]"}}, {"model": "admin.logentry", "pk": 72, "fields": {"action_time": "2020-11-15T16:08:45.569Z", "user": 1, "content_type": 14, "object_id": "61", "object_repr": "APPLE iPhone 11 Pro Max - 256 GB, Space Grey", "action_flag": 1, "change_message": "[{\"added\": {}}]"}}, {"model": "admin.logentry", "pk": 73, "fields": {"action_time": "2020-11-15T16:09:41.329Z", "user": 1, "content_type": 14, "object_id": "62", "object_repr": "APPLE iPhone 11 Pro Max - 64 GB, Midnight Green", "action_flag": 1, "change_message": "[{\"added\": {}}]"}}, {"model": "admin.logentry", "pk": 74, "fields": {"action_time": "2020-11-15T16:10:34.386Z", "user": 1, "content_type": 14, "object_id": "63", "object_repr": "APPLE iPhone 11 Pro Max - 64 GB, Gold", "action_flag": 1, "change_message": "[{\"added\": {}}]"}}, {"model": "admin.logentry", "pk": 75, "fields": {"action_time": "2020-11-15T16:11:34.973Z", "user": 1, "content_type": 14, "object_id": "64", "object_repr": "APPLE iPhone 11 Pro Max - 64 GB, Silver", "action_flag": 1, "change_message": "[{\"added\": {}}]"}}, {"model": "admin.logentry", "pk": 76, "fields": {"action_time": "2020-11-15T16:12:44.904Z", "user": 1, "content_type": 14, "object_id": "65", "object_repr": "APPLE iPhone 11 Pro Max - 64 GB, Space Grey", "action_flag": 1, "change_message": "[{\"added\": {}}]"}}, {"model": "admin.logentry", "pk": 77, "fields": {"action_time": "2020-11-16T21:44:24.545Z", "user": 1, "content_type": 13, "object_id": "5", "object_repr": "macbook_air", "action_flag": 1, "change_message": "[{\"added\": {}}]"}}, {"model": "admin.logentry", "pk": 78, "fields": {"action_time": "2020-11-16T21:44:32.964Z", "user": 1, "content_type": 13, "object_id": "6", "object_repr": "macbook_pro", "action_flag": 1, "change_message": "[{\"added\": {}}]"}}, {"model": "admin.logentry", "pk": 79, "fields": {"action_time": "2020-11-16T21:45:01.859Z", "user": 1, "content_type": 13, "object_id": "7", "object_repr": "iphone_11", "action_flag": 1, "change_message": "[{\"added\": {}}]"}}, {"model": "admin.logentry", "pk": 80, "fields": {"action_time": "2020-11-16T21:45:10.944Z", "user": 1, "content_type": 13, "object_id": "8", "object_repr": "iphone_12", "action_flag": 1, "change_message": "[{\"added\": {}}]"}}, {"model": "admin.logentry", "pk": 81, "fields": {"action_time": "2020-11-16T21:45:31.803Z", "user": 1, "content_type": 13, "object_id": "9", "object_repr": "smartwatch_5", "action_flag": 1, "change_message": "[{\"added\": {}}]"}}, {"model": "admin.logentry", "pk": 82, "fields": {"action_time": "2020-11-16T21:45:39.399Z", "user": 1, "content_type": 13, "object_id": "10", "object_repr": "smartwatch_6", "action_flag": 1, "change_message": "[{\"added\": {}}]"}}, {"model": "admin.logentry", "pk": 83, "fields": {"action_time": "2020-11-16T21:45:53.094Z", "user": 1, "content_type": 13, "object_id": "11", "object_repr": "ipad_air", "action_flag": 1, "change_message": "[{\"added\": {}}]"}}, {"model": "admin.logentry", "pk": 84, "fields": {"action_time": "2020-11-16T21:46:04.740Z", "user": 1, "content_type": 13, "object_id": "12", "object_repr": "ipad_pro", "action_flag": 1, "change_message": "[{\"added\": {}}]"}}, {"model": "admin.logentry", "pk": 85, "fields": {"action_time": "2020-11-16T21:47:01.781Z", "user": 1, "content_type": 13, "object_id": "13", "object_repr": "new_arrivals", "action_flag": 1, "change_message": "[{\"added\": {}}]"}}, {"model": "admin.logentry", "pk": 86, "fields": {"action_time": "2020-11-16T21:47:09.585Z", "user": 1, "content_type": 13, "object_id": "14", "object_repr": "deals", "action_flag": 1, "change_message": "[{\"added\": {}}]"}}, {"model": "admin.logentry", "pk": 87, "fields": {"action_time": "2020-11-16T21:47:24.602Z", "user": 1, "content_type": 13, "object_id": "15", "object_repr": "clearance", "action_flag": 1, "change_message": "[{\"added\": {}}]"}}, {"model": "admin.logentry", "pk": 88, "fields": {"action_time": "2020-11-16T21:48:08.410Z", "user": 1, "content_type": 14, "object_id": "65", "object_repr": "APPLE iPhone 11 Pro Max - 64 GB, Space Grey", "action_flag": 2, "change_message": "[{\"changed\": {\"fields\": [\"Category\"]}}]"}}, {"model": "admin.logentry", "pk": 89, "fields": {"action_time": "2020-11-16T21:48:23.362Z", "user": 1, "content_type": 14, "object_id": "64", "object_repr": "APPLE iPhone 11 Pro Max - 64 GB, Silver", "action_flag": 2, "change_message": "[{\"changed\": {\"fields\": [\"Category\"]}}]"}}, {"model": "admin.logentry", "pk": 90, "fields": {"action_time": "2020-11-16T21:48:57.610Z", "user": 1, "content_type": 14, "object_id": "63", "object_repr": "APPLE iPhone 11 Pro Max - 64 GB, Gold", "action_flag": 2, "change_message": "[{\"changed\": {\"fields\": [\"Category\"]}}]"}}, {"model": "admin.logentry", "pk": 91, "fields": {"action_time": "2020-11-16T21:49:08.999Z", "user": 1, "content_type": 14, "object_id": "61", "object_repr": "APPLE iPhone 11 Pro Max - 256 GB, Space Grey", "action_flag": 2, "change_message": "[{\"changed\": {\"fields\": [\"Category\"]}}]"}}, {"model": "admin.logentry", "pk": 92, "fields": {"action_time": "2020-11-16T21:49:29.312Z", "user": 1, "content_type": 14, "object_id": "60", "object_repr": "APPLE iPhone 11 Pro Max - 256 GB, Silver", "action_flag": 2, "change_message": "[{\"changed\": {\"fields\": [\"Category\"]}}]"}}, {"model": "admin.logentry", "pk": 93, "fields": {"action_time": "2020-11-16T21:49:56.498Z", "user": 1, "content_type": 14, "object_id": "59", "object_repr": "APPLE iPhone 11 Pro Max - 256 GB, Gold", "action_flag": 2, "change_message": "[{\"changed\": {\"fields\": [\"Category\"]}}]"}}, {"model": "admin.logentry", "pk": 94, "fields": {"action_time": "2020-11-16T21:50:17.713Z", "user": 1, "content_type": 14, "object_id": "57", "object_repr": "APPLE iPhone 11 Pro Max - 512 GB, Space Grey", "action_flag": 2, "change_message": "[{\"changed\": {\"fields\": [\"Category\"]}}]"}}, {"model": "admin.logentry", "pk": 95, "fields": {"action_time": "2020-11-16T21:50:35.386Z", "user": 1, "content_type": 14, "object_id": "56", "object_repr": "APPLE iPhone 11 Pro Max - 512 GB, Silver", "action_flag": 2, "change_message": "[{\"changed\": {\"fields\": [\"Category\"]}}]"}}, {"model": "admin.logentry", "pk": 96, "fields": {"action_time": "2020-11-16T21:50:47.773Z", "user": 1, "content_type": 14, "object_id": "62", "object_repr": "APPLE iPhone 11 Pro Max - 64 GB, Midnight Green", "action_flag": 2, "change_message": "[{\"changed\": {\"fields\": [\"Category\"]}}]"}}, {"model": "admin.logentry", "pk": 97, "fields": {"action_time": "2020-11-16T21:51:03.572Z", "user": 1, "content_type": 14, "object_id": "58", "object_repr": "APPLE iPhone 11 Pro Max - 256 GB, Midnight Green", "action_flag": 2, "change_message": "[{\"changed\": {\"fields\": [\"Category\"]}}]"}}, {"model": "admin.logentry", "pk": 98, "fields": {"action_time": "2020-11-16T21:51:17.319Z", "user": 1, "content_type": 14, "object_id": "55", "object_repr": "APPLE iPhone 11 Pro Max - 512 GB, Gold", "action_flag": 2, "change_message": "[{\"changed\": {\"fields\": [\"Category\"]}}]"}}, {"model": "admin.logentry", "pk": 99, "fields": {"action_time": "2020-11-16T21:51:29.814Z", "user": 1, "content_type": 14, "object_id": "54", "object_repr": "APPLE iPhone 11 Pro Max - 512 GB, Midnight Green", "action_flag": 2, "change_message": "[{\"changed\": {\"fields\": [\"Category\"]}}]"}}, {"model": "admin.logentry", "pk": 100, "fields": {"action_time": "2020-11-16T21:51:49.783Z", "user": 1, "content_type": 14, "object_id": "30", "object_repr": "APPLE Watch Series 5 Cellular - Silver Aluminium with Platinum & Black Nike Sports Band, 44 mm", "action_flag": 2, "change_message": "[{\"changed\": {\"fields\": [\"Category\"]}}]"}}, {"model": "admin.logentry", "pk": 101, "fields": {"action_time": "2020-11-16T21:52:06.210Z", "user": 1, "content_type": 14, "object_id": "35", "object_repr": "APPLE Watch Series 5 Cellular - Gold Aluminium with Pink Sand Sports Band, 44 mm", "action_flag": 2, "change_message": "[{\"changed\": {\"fields\": [\"Category\"]}}]"}}, {"model": "admin.logentry", "pk": 102, "fields": {"action_time": "2020-11-16T21:52:18.700Z", "user": 1, "content_type": 14, "object_id": "34", "object_repr": "APPLE Watch Series 5 Cellular - Space Grey Aluminium with Black Sports Band, 44 mm", "action_flag": 2, "change_message": "[{\"changed\": {\"fields\": [\"Category\"]}}]"}}, {"model": "admin.logentry", "pk": 103, "fields": {"action_time": "2020-11-16T21:52:44.018Z", "user": 1, "content_type": 14, "object_id": "7", "object_repr": "APPLE 16\" MacBook Pro with Touch Bar (2019) - 512 GB SSD, Space Grey", "action_flag": 2, "change_message": "[{\"changed\": {\"fields\": [\"Category\"]}}]"}}, {"model": "admin.logentry", "pk": 104, "fields": {"action_time": "2020-11-16T22:00:06.504Z", "user": 1, "content_type": 14, "object_id": "9", "object_repr": "APPLE 16\" MacBook Pro with Touch Bar (2019) - 1 TB SSD, Space Grey", "action_flag": 2, "change_message": "[{\"changed\": {\"fields\": [\"Category\"]}}]"}}, {"model": "admin.logentry", "pk": 105, "fields": {"action_time": "2020-11-16T22:00:27.182Z", "user": 1, "content_type": 14, "object_id": "8", "object_repr": "APPLE 16\" MacBook Pro with Touch Bar (2019) - 512 GB SSD, Silver", "action_flag": 2, "change_message": "[{\"changed\": {\"fields\": [\"Category\"]}}]"}}, {"model": "admin.logentry", "pk": 106, "fields": {"action_time": "2020-11-16T22:00:43.379Z", "user": 1, "content_type": 14, "object_id": "10", "object_repr": "APPLE 16\" MacBook Pro with Touch Bar (2019) - 1 TB SSD, Silver", "action_flag": 2, "change_message": "[{\"changed\": {\"fields\": [\"Category\"]}}]"}}, {"model": "admin.logentry", "pk": 107, "fields": {"action_time": "2020-11-16T22:03:38.918Z", "user": 1, "content_type": 14, "object_id": "15", "object_repr": "APPLE 13\" MacBook Pro with Touch Bar (2020) - 1 TB SSD, Space Grey", "action_flag": 2, "change_message": "[{\"changed\": {\"fields\": [\"Category\"]}}]"}}, {"model": "admin.logentry", "pk": 108, "fields": {"action_time": "2020-11-16T22:04:15.652Z", "user": 1, "content_type": 14, "object_id": "8", "object_repr": "APPLE 16\" MacBook Pro with Touch Bar (2019) - 512 GB SSD, Silver", "action_flag": 2, "change_message": "[]"}}, {"model": "admin.logentry", "pk": 109, "fields": {"action_time": "2020-11-16T22:04:58.530Z", "user": 1, "content_type": 14, "object_id": "16", "object_repr": "APPLE 13\" MacBook Pro with Touch Bar (2020) - 1 TB SSD, Silver", "action_flag": 2, "change_message": "[{\"changed\": {\"fields\": [\"Category\"]}}]"}}, {"model": "admin.logentry", "pk": 110, "fields": {"action_time": "2020-11-16T22:05:07.870Z", "user": 1, "content_type": 14, "object_id": "17", "object_repr": "APPLE 13\" MacBook Pro with Touch Bar (2020) - 512 GB SSD, Space Grey", "action_flag": 2, "change_message": "[{\"changed\": {\"fields\": [\"Category\"]}}]"}}, {"model": "admin.logentry", "pk": 111, "fields": {"action_time": "2020-11-16T22:05:25.883Z", "user": 1, "content_type": 14, "object_id": "11", "object_repr": "APPLE 13\" MacBook Pro with Touch Bar (2020) - 512 GB SSD, Silver", "action_flag": 2, "change_message": "[{\"changed\": {\"fields\": [\"Category\"]}}]"}}, {"model": "admin.logentry", "pk": 112, "fields": {"action_time": "2020-11-16T22:05:37.327Z", "user": 1, "content_type": 14, "object_id": "28", "object_repr": "APPLE 10.9\" iPad Air (2020) - 256 GB, Silver", "action_flag": 2, "change_message": "[{\"changed\": {\"fields\": [\"Category\"]}}]"}}, {"model": "admin.logentry", "pk": 113, "fields": {"action_time": "2020-11-16T22:05:52.671Z", "user": 1, "content_type": 14, "object_id": "27", "object_repr": "APPLE 10.9\" iPad Air (2020) - 256 GB, Space Grey", "action_flag": 2, "change_message": "[{\"changed\": {\"fields\": [\"Category\"]}}]"}}, {"model": "admin.logentry", "pk": 114, "fields": {"action_time": "2020-11-16T22:06:02.842Z", "user": 1, "content_type": 14, "object_id": "26", "object_repr": "APPLE 10.9\" iPad Air (2020) - 256 GB, Rose Gold", "action_flag": 2, "change_message": "[{\"changed\": {\"fields\": [\"Category\"]}}]"}}, {"model": "admin.logentry", "pk": 115, "fields": {"action_time": "2020-11-16T22:06:19.596Z", "user": 1, "content_type": 14, "object_id": "22", "object_repr": "APPLE 10.9\" iPad Air Cellular (2020) - 256 GB, Silver", "action_flag": 2, "change_message": "[{\"changed\": {\"fields\": [\"Category\"]}}]"}}, {"model": "admin.logentry", "pk": 116, "fields": {"action_time": "2020-11-16T22:06:29.386Z", "user": 1, "content_type": 14, "object_id": "21", "object_repr": "APPLE 10.9\" iPad Air Cellular (2020) - 256 GB, Space Grey", "action_flag": 2, "change_message": "[{\"changed\": {\"fields\": [\"Category\"]}}]"}}, {"model": "admin.logentry", "pk": 117, "fields": {"action_time": "2020-11-16T22:06:40.686Z", "user": 1, "content_type": 14, "object_id": "20", "object_repr": "APPLE 10.9\" iPad Air Cellular (2020) - 256 GB, Rose Gold", "action_flag": 2, "change_message": "[{\"changed\": {\"fields\": [\"Category\"]}}]"}}, {"model": "admin.logentry", "pk": 118, "fields": {"action_time": "2020-11-16T22:06:53.852Z", "user": 1, "content_type": 14, "object_id": "25", "object_repr": "APPLE 10.9\" iPad Air (2020) - 256 GB, Sky Blue", "action_flag": 2, "change_message": "[{\"changed\": {\"fields\": [\"Category\"]}}]"}}, {"model": "admin.logentry", "pk": 119, "fields": {"action_time": "2020-11-16T22:11:11.786Z", "user": 1, "content_type": 14, "object_id": "24", "object_repr": "APPLE 10.9\" iPad Air (2020) - 256 GB, Green", "action_flag": 2, "change_message": "[{\"changed\": {\"fields\": [\"Category\"]}}]"}}, {"model": "admin.logentry", "pk": 120, "fields": {"action_time": "2020-11-16T22:11:24.387Z", "user": 1, "content_type": 14, "object_id": "19", "object_repr": "APPLE 10.9\" iPad Air Cellular (2020) - 256 GB, Sky Blue", "action_flag": 2, "change_message": "[{\"changed\": {\"fields\": [\"Category\"]}}]"}}, {"model": "admin.logentry", "pk": 121, "fields": {"action_time": "2020-11-16T22:11:34.379Z", "user": 1, "content_type": 14, "object_id": "29", "object_repr": "APPLE Watch Series 6 Cellular - Space Grey Aluminum with Black Nike Sports Band, 40 mm", "action_flag": 2, "change_message": "[{\"changed\": {\"fields\": [\"Category\"]}}]"}}, {"model": "admin.logentry", "pk": 122, "fields": {"action_time": "2020-11-16T22:11:45.547Z", "user": 1, "content_type": 14, "object_id": "36", "object_repr": "APPLE Watch Series 6 Cellular - Space Grey Aluminum with Black Nike Sports Band, 44 mm", "action_flag": 2, "change_message": "[{\"changed\": {\"fields\": [\"Category\"]}}]"}}, {"model": "admin.logentry", "pk": 123, "fields": {"action_time": "2020-11-16T22:11:54.263Z", "user": 1, "content_type": 14, "object_id": "33", "object_repr": "APPLE Watch Series 6 Cellular - Space Grey Aluminium with Black Sports Band, 40 mm", "action_flag": 2, "change_message": "[{\"changed\": {\"fields\": [\"Category\"]}}]"}}, {"model": "admin.logentry", "pk": 124, "fields": {"action_time": "2020-11-16T22:12:03.340Z", "user": 1, "content_type": 14, "object_id": "42", "object_repr": "APPLE Watch Series 6 Cellular - Silver Aluminium with White Sports Band, 44 mm", "action_flag": 2, "change_message": "[{\"changed\": {\"fields\": [\"Category\"]}}]"}}, {"model": "admin.logentry", "pk": 125, "fields": {"action_time": "2020-11-16T22:12:23.053Z", "user": 1, "content_type": 14, "object_id": "41", "object_repr": "APPLE Watch Series 6 Cellular - Space Grey Aluminium with Black Sports Band, 44 mm", "action_flag": 2, "change_message": "[{\"changed\": {\"fields\": [\"Category\"]}}]"}}, {"model": "admin.logentry", "pk": 126, "fields": {"action_time": "2020-11-16T22:12:33.745Z", "user": 1, "content_type": 14, "object_id": "23", "object_repr": "APPLE 10.9\" iPad Air Cellular (2020) - 256 GB, Green", "action_flag": 2, "change_message": "[{\"changed\": {\"fields\": [\"Category\"]}}]"}}, {"model": "admin.logentry", "pk": 127, "fields": {"action_time": "2020-11-16T22:12:41.507Z", "user": 1, "content_type": 14, "object_id": "32", "object_repr": "APPLE Watch Series 6 Cellular - Silver Aluminium with Pure Platinum & Black Nike Sports Band, 40 mm", "action_flag": 2, "change_message": "[{\"changed\": {\"fields\": [\"Category\"]}}]"}}, {"model": "admin.logentry", "pk": 128, "fields": {"action_time": "2020-11-16T22:12:49.237Z", "user": 1, "content_type": 14, "object_id": "40", "object_repr": "APPLE Watch Series 6 Cellular - Silver Aluminium with Pure Platinum & Black Nike Sports Band, 44 mm", "action_flag": 2, "change_message": "[{\"changed\": {\"fields\": [\"Category\"]}}]"}}, {"model": "admin.logentry", "pk": 129, "fields": {"action_time": "2020-11-16T22:12:58.606Z", "user": 1, "content_type": 14, "object_id": "31", "object_repr": "APPLE Watch Series 6 Cellular - Blue Aluminium with Deep Navy Sports Band, 40 mm", "action_flag": 2, "change_message": "[{\"changed\": {\"fields\": [\"Category\"]}}]"}}, {"model": "admin.logentry", "pk": 130, "fields": {"action_time": "2020-11-16T22:13:07.845Z", "user": 1, "content_type": 14, "object_id": "39", "object_repr": "APPLE Watch Series 6 Cellular - Blue Aluminium with Deep Navy Sports Band, 44 mm", "action_flag": 2, "change_message": "[{\"changed\": {\"fields\": [\"Category\"]}}]"}}, {"model": "admin.logentry", "pk": 131, "fields": {"action_time": "2020-11-16T22:13:19.995Z", "user": 1, "content_type": 14, "object_id": "38", "object_repr": "APPLE Watch Series 6 Cellular - PRODUCT(RED) Aluminium with PRODUCT(RED) Sports Band, 44 mm", "action_flag": 2, "change_message": "[{\"changed\": {\"fields\": [\"Category\"]}}]"}}, {"model": "admin.logentry", "pk": 132, "fields": {"action_time": "2020-11-16T22:13:28.285Z", "user": 1, "content_type": 14, "object_id": "37", "object_repr": "APPLE Watch Series 6 Cellular - Gold Aluminium with Pink Sand Sports Band, 44 mm", "action_flag": 2, "change_message": "[{\"changed\": {\"fields\": [\"Category\"]}}]"}}, {"model": "admin.logentry", "pk": 133, "fields": {"action_time": "2020-11-16T22:13:37.095Z", "user": 1, "content_type": 14, "object_id": "50", "object_repr": "APPLE iPhone 12 Pro Max - 512 GB, Gold", "action_flag": 2, "change_message": "[{\"changed\": {\"fields\": [\"Category\"]}}]"}}, {"model": "admin.logentry", "pk": 134, "fields": {"action_time": "2020-11-16T22:13:44.650Z", "user": 1, "content_type": 14, "object_id": "49", "object_repr": "APPLE iPhone 12 Pro Max - 512 GB, Silver", "action_flag": 2, "change_message": "[{\"changed\": {\"fields\": [\"Category\"]}}]"}}, {"model": "admin.logentry", "pk": 135, "fields": {"action_time": "2020-11-16T22:13:55.891Z", "user": 1, "content_type": 14, "object_id": "53", "object_repr": "APPLE iPhone 12 Pro Max - 128 GB, Graphite", "action_flag": 2, "change_message": "[{\"changed\": {\"fields\": [\"Category\"]}}]"}}, {"model": "admin.logentry", "pk": 136, "fields": {"action_time": "2020-11-16T22:14:05.977Z", "user": 1, "content_type": 14, "object_id": "46", "object_repr": "APPLE iPhone 12 Pro Max - 128 GB, Gold", "action_flag": 2, "change_message": "[{\"changed\": {\"fields\": [\"Category\"]}}]"}}, {"model": "admin.logentry", "pk": 137, "fields": {"action_time": "2020-11-16T22:14:14.578Z", "user": 1, "content_type": 14, "object_id": "52", "object_repr": "APPLE iPhone 12 Pro Max - 128 GB, Silver", "action_flag": 2, "change_message": "[{\"changed\": {\"fields\": [\"Category\"]}}]"}}, {"model": "admin.logentry", "pk": 138, "fields": {"action_time": "2020-11-16T22:14:26.991Z", "user": 1, "content_type": 14, "object_id": "51", "object_repr": "APPLE iPhone 12 Pro Max - 256 GB, Pacific Blue", "action_flag": 2, "change_message": "[{\"changed\": {\"fields\": [\"Category\"]}}]"}}, {"model": "admin.logentry", "pk": 139, "fields": {"action_time": "2020-11-16T22:14:48.844Z", "user": 1, "content_type": 14, "object_id": "45", "object_repr": "APPLE iPhone 12 Pro Max - 256 GB, Graphite", "action_flag": 2, "change_message": "[{\"changed\": {\"fields\": [\"Category\"]}}]"}}, {"model": "admin.logentry", "pk": 140, "fields": {"action_time": "2020-11-16T22:15:07.251Z", "user": 1, "content_type": 14, "object_id": "44", "object_repr": "APPLE iPhone 12 Pro Max - 256 GB, Gold", "action_flag": 2, "change_message": "[{\"changed\": {\"fields\": [\"Category\"]}}]"}}, {"model": "admin.logentry", "pk": 141, "fields": {"action_time": "2020-11-16T22:15:17.093Z", "user": 1, "content_type": 14, "object_id": "43", "object_repr": "APPLE iPhone 12 Pro Max - 256 GB, Silver", "action_flag": 2, "change_message": "[{\"changed\": {\"fields\": [\"Category\"]}}]"}}, {"model": "admin.logentry", "pk": 142, "fields": {"action_time": "2020-11-16T22:15:27.003Z", "user": 1, "content_type": 14, "object_id": "48", "object_repr": "APPLE iPhone 12 Pro Max - 512 GB, Pacific Blue", "action_flag": 2, "change_message": "[{\"changed\": {\"fields\": [\"Category\"]}}]"}}, {"model": "admin.logentry", "pk": 143, "fields": {"action_time": "2020-11-16T22:15:38.447Z", "user": 1, "content_type": 14, "object_id": "47", "object_repr": "APPLE iPhone 12 Pro Max - 512 GB, Graphite", "action_flag": 2, "change_message": "[{\"changed\": {\"fields\": [\"Category\"]}}]"}}, {"model": "admin.logentry", "pk": 144, "fields": {"action_time": "2020-11-16T22:15:50.170Z", "user": 1, "content_type": 14, "object_id": "1", "object_repr": "APPLE 13.3\" MacBook Air with Retina Display (2020) - 256 GB SSD, Space Grey", "action_flag": 2, "change_message": "[{\"changed\": {\"fields\": [\"Category\"]}}]"}}, {"model": "admin.logentry", "pk": 145, "fields": {"action_time": "2020-11-16T22:16:00.127Z", "user": 1, "content_type": 14, "object_id": "4", "object_repr": "APPLE 13.3\" MacBook Air with Retina Display (2020) - 512 GB SSD, Space Grey", "action_flag": 2, "change_message": "[{\"changed\": {\"fields\": [\"Category\"]}}]"}}, {"model": "admin.logentry", "pk": 146, "fields": {"action_time": "2020-11-16T22:16:13.775Z", "user": 1, "content_type": 14, "object_id": "3", "object_repr": "APPLE 13.3\" MacBook Air with Retina Display (2020) - 256 GB SSD, Silver", "action_flag": 2, "change_message": "[{\"changed\": {\"fields\": [\"Category\"]}}]"}}, {"model": "admin.logentry", "pk": 147, "fields": {"action_time": "2020-11-16T22:16:22.848Z", "user": 1, "content_type": 14, "object_id": "5", "object_repr": "APPLE 13.3\" MacBook Air with Retina Display (2020) - 512 GB SSD, Silver", "action_flag": 2, "change_message": "[{\"changed\": {\"fields\": [\"Category\"]}}]"}}, {"model": "admin.logentry", "pk": 148, "fields": {"action_time": "2020-11-16T22:16:50.007Z", "user": 1, "content_type": 14, "object_id": "2", "object_repr": "APPLE 13.3\" MacBook Air with Retina Display (2020) - 256 GB SSD, Gold", "action_flag": 2, "change_message": "[{\"changed\": {\"fields\": [\"Category\"]}}]"}}, {"model": "admin.logentry", "pk": 149, "fields": {"action_time": "2020-11-16T22:17:00.438Z", "user": 1, "content_type": 14, "object_id": "6", "object_repr": "APPLE 13.3\" MacBook Air with Retina Display (2020) - 512 GB SSD, Gold", "action_flag": 2, "change_message": "[{\"changed\": {\"fields\": [\"Category\"]}}]"}}, {"model": "admin.logentry", "pk": 150, "fields": {"action_time": "2020-11-16T22:17:11.181Z", "user": 1, "content_type": 14, "object_id": "14", "object_repr": "APPLE 13\" MacBook Pro with Touch Bar (2020) - 256 GB SSD, Space Gray M1 Chip", "action_flag": 2, "change_message": "[{\"changed\": {\"fields\": [\"Category\"]}}]"}}, {"model": "admin.logentry", "pk": 151, "fields": {"action_time": "2020-11-16T22:17:22.193Z", "user": 1, "content_type": 14, "object_id": "18", "object_repr": "APPLE 13\" MacBook Pro with Touch Bar (2020) - 512 GB SSD, Space Grey", "action_flag": 2, "change_message": "[{\"changed\": {\"fields\": [\"Category\"]}}]"}}, {"model": "admin.logentry", "pk": 152, "fields": {"action_time": "2020-11-16T22:17:31.057Z", "user": 1, "content_type": 14, "object_id": "13", "object_repr": "APPLE 13\" MacBook Pro with Touch Bar (2020) - 256 GB SSD, Silver M1 Chip", "action_flag": 2, "change_message": "[{\"changed\": {\"fields\": [\"Category\"]}}]"}}, {"model": "admin.logentry", "pk": 153, "fields": {"action_time": "2020-11-16T22:17:41.233Z", "user": 1, "content_type": 14, "object_id": "12", "object_repr": "APPLE 13\" MacBook Pro with Touch Bar (2020) - 512 GB SSD, Silver", "action_flag": 2, "change_message": "[{\"changed\": {\"fields\": [\"Category\"]}}]"}}, {"model": "admin.logentry", "pk": 154, "fields": {"action_time": "2020-11-16T22:19:04.085Z", "user": 1, "content_type": 14, "object_id": "53", "object_repr": "APPLE iPhone 12 Pro Max - 128 GB, Graphite", "action_flag": 2, "change_message": "[{\"changed\": {\"fields\": [\"Category\"]}}]"}}, {"model": "admin.logentry", "pk": 155, "fields": {"action_time": "2020-11-16T22:40:35.910Z", "user": 1, "content_type": 14, "object_id": "66", "object_repr": "APPLE 12.9\" iPad Pro (2020) Cellular - 1 TB, Space Grey", "action_flag": 1, "change_message": "[{\"added\": {}}]"}}, {"model": "admin.logentry", "pk": 156, "fields": {"action_time": "2020-11-16T22:41:57.178Z", "user": 1, "content_type": 14, "object_id": "67", "object_repr": "APPLE 12.9” iPad Pro (2020) - 1 TB, Space Grey", "action_flag": 1, "change_message": "[{\"added\": {}}]"}}, {"model": "admin.logentry", "pk": 157, "fields": {"action_time": "2020-11-16T22:43:23.556Z", "user": 1, "content_type": 14, "object_id": "68", "object_repr": "APPLE 12.9” iPad Pro (2020) - 1 TB, Silver", "action_flag": 1, "change_message": "[{\"added\": {}}]"}}, {"model": "admin.logentry", "pk": 158, "fields": {"action_time": "2020-11-16T22:44:26.658Z", "user": 1, "content_type": 14, "object_id": "69", "object_repr": "APPLE 12.9\" iPad Pro (2020) Cellular - 512 GB, Space Grey", "action_flag": 1, "change_message": "[{\"added\": {}}]"}}, {"model": "admin.logentry", "pk": 159, "fields": {"action_time": "2020-11-16T22:45:37.911Z", "user": 1, "content_type": 14, "object_id": "70", "object_repr": "APPLE 12.9\" iPad Pro (2020) Cellular - 512 GB, Silver", "action_flag": 1, "change_message": "[{\"added\": {}}]"}}, {"model": "admin.logentry", "pk": 160, "fields": {"action_time": "2020-11-16T22:47:25.943Z", "user": 1, "content_type": 14, "object_id": "71", "object_repr": "APPLE 11\" iPad Pro (2020) Cellular - 1 TB, Space Grey", "action_flag": 1, "change_message": "[{\"added\": {}}]"}}, {"model": "admin.logentry", "pk": 161, "fields": {"action_time": "2020-11-16T22:48:42.395Z", "user": 1, "content_type": 14, "object_id": "72", "object_repr": "APPLE 12.9\" iPad Pro (2020) Cellular - 1 TB, Silver", "action_flag": 1, "change_message": "[{\"added\": {}}]"}}, {"model": "admin.logentry", "pk": 162, "fields": {"action_time": "2020-11-16T22:49:52.355Z", "user": 1, "content_type": 14, "object_id": "73", "object_repr": "APPLE 11\" iPad Pro (2020) Cellular - 1 TB, Silver", "action_flag": 1, "change_message": "[{\"added\": {}}]"}}, {"model": "admin.logentry", "pk": 163, "fields": {"action_time": "2020-11-16T22:51:11.848Z", "user": 1, "content_type": 14, "object_id": "74", "object_repr": "APPLE 12.9” iPad Pro (2020) - 512 GB, Space Grey", "action_flag": 1, "change_message": "[{\"added\": {}}]"}}, {"model": "admin.logentry", "pk": 164, "fields": {"action_time": "2020-11-16T22:52:16.949Z", "user": 1, "content_type": 14, "object_id": "75", "object_repr": "APPLE 11\" iPad Pro (2020) - 1 TB, Space Grey", "action_flag": 1, "change_message": "[{\"added\": {}}]"}}, {"model": "admin.logentry", "pk": 165, "fields": {"action_time": "2020-11-16T23:14:55.296Z", "user": 1, "content_type": 13, "object_id": "16", "object_repr": "all_specials", "action_flag": 1, "change_message": "[{\"added\": {}}]"}}, {"model": "admin.logentry", "pk": 166, "fields": {"action_time": "2020-11-18T18:33:00.780Z", "user": 1, "content_type": 14, "object_id": "76", "object_repr": "APPLE 12.9\" iPad Pro (2020) Cellular - 1 TB, Space Grey", "action_flag": 1, "change_message": "[{\"added\": {}}]"}}, {"model": "admin.logentry", "pk": 167, "fields": {"action_time": "2020-11-18T18:34:42.325Z", "user": 1, "content_type": 14, "object_id": "76", "object_repr": "APPLE 12.9\" iPad Pro (2020) Cellular - 1 TB, Space Grey", "action_flag": 3, "change_message": ""}}, {"model": "admin.logentry", "pk": 168, "fields": {"action_time": "2020-11-18T18:35:51.188Z", "user": 1, "content_type": 14, "object_id": "77", "object_repr": "APPLE Mac Mini (2020) - 512 GB SSD", "action_flag": 1, "change_message": "[{\"added\": {}}]"}}, {"model": "admin.logentry", "pk": 169, "fields": {"action_time": "2020-11-18T18:37:33.134Z", "user": 1, "content_type": 14, "object_id": "78", "object_repr": "APPLE Mac Mini - Apple M1, 512 GB SSD", "action_flag": 1, "change_message": "[{\"added\": {}}]"}}, {"model": "admin.logentry", "pk": 170, "fields": {"action_time": "2020-11-18T18:39:30.481Z", "user": 1, "content_type": 14, "object_id": "79", "object_repr": "APPLE Mac Mini (2020) - 256 GB SSD", "action_flag": 1, "change_message": "[{\"added\": {}}]"}}, {"model": "admin.logentry", "pk": 171, "fields": {"action_time": "2020-11-18T18:43:53.599Z", "user": 1, "content_type": 14, "object_id": "80", "object_repr": "APPLE Mac Mini - Apple M1, 256 GB SSD", "action_flag": 1, "change_message": "[{\"added\": {}}]"}}, {"model": "admin.logentry", "pk": 172, "fields": {"action_time": "2020-11-18T18:46:57.058Z", "user": 1, "content_type": 14, "object_id": "81", "object_repr": "APPLE 27\" 5K iMac Pro (2020) - Intel® Xeon®, 1 TB SSD", "action_flag": 1, "change_message": "[{\"added\": {}}]"}}, {"model": "admin.logentry", "pk": 173, "fields": {"action_time": "2020-11-18T18:48:30.108Z", "user": 1, "content_type": 14, "object_id": "82", "object_repr": "APPLE 27\" 5K iMac Pro (2017) - Intel® Xeon®, 1 TB SSD", "action_flag": 1, "change_message": "[{\"added\": {}}]"}}, {"model": "admin.logentry", "pk": 174, "fields": {"action_time": "2020-11-18T19:12:47.535Z", "user": 1, "content_type": 14, "object_id": "83", "object_repr": "APPLE iPhone XR - 64 GB, Black", "action_flag": 1, "change_message": "[{\"added\": {}}]"}}, {"model": "admin.logentry", "pk": 175, "fields": {"action_time": "2020-11-18T19:14:21.856Z", "user": 1, "content_type": 14, "object_id": "84", "object_repr": "APPLE iPhone XR - 64 GB, White", "action_flag": 1, "change_message": "[{\"added\": {}}]"}}, {"model": "admin.logentry", "pk": 176, "fields": {"action_time": "2020-11-18T19:20:22.330Z", "user": 1, "content_type": 14, "object_id": "85", "object_repr": "APPLE iPhone XR - 64 GB, Yellow", "action_flag": 1, "change_message": "[{\"added\": {}}]"}}, {"model": "admin.logentry", "pk": 177, "fields": {"action_time": "2020-11-18T19:21:36.916Z", "user": 1, "content_type": 14, "object_id": "86", "object_repr": "APPLE iPhone XR - 64 GB, Blue", "action_flag": 1, "change_message": "[{\"added\": {}}]"}}, {"model": "admin.logentry", "pk": 178, "fields": {"action_time": "2020-11-18T19:22:53.462Z", "user": 1, "content_type": 14, "object_id": "87", "object_repr": "APPLE iPhone XR - 64 GB, Coral", "action_flag": 1, "change_message": "[{\"added\": {}}]"}}, {"model": "admin.logentry", "pk": 179, "fields": {"action_time": "2020-11-18T19:29:28.189Z", "user": 1, "content_type": 14, "object_id": "88", "object_repr": "APPLE iPhone 7 - Rose Gold, 32 GB", "action_flag": 1, "change_message": "[{\"added\": {}}]"}}, {"model": "admin.logentry", "pk": 180, "fields": {"action_time": "2020-11-18T19:30:53.126Z", "user": 1, "content_type": 14, "object_id": "89", "object_repr": "APPLE iPhone 7 - Silver, 32 GB", "action_flag": 1, "change_message": "[{\"added\": {}}]"}}, {"model": "admin.logentry", "pk": 181, "fields": {"action_time": "2020-11-18T19:32:34.623Z", "user": 1, "content_type": 14, "object_id": "90", "object_repr": "APPLE iPhone 7 - 32 GB, Black", "action_flag": 1, "change_message": "[{\"added\": {}}]"}}, {"model": "admin.logentry", "pk": 182, "fields": {"action_time": "2020-11-21T21:25:10.739Z", "user": 1, "content_type": 13, "object_id": "5", "object_repr": "macbook_air", "action_flag": 2, "change_message": "[{\"changed\": {\"fields\": [\"Friendly name\"]}}]"}}, {"model": "admin.logentry", "pk": 183, "fields": {"action_time": "2020-11-21T21:25:45.489Z", "user": 1, "content_type": 13, "object_id": "16", "object_repr": "all_specials", "action_flag": 2, "change_message": "[{\"changed\": {\"fields\": [\"Friendly name\"]}}]"}}, {"model": "admin.logentry", "pk": 184, "fields": {"action_time": "2020-11-21T21:25:56.659Z", "user": 1, "content_type": 13, "object_id": "15", "object_repr": "clearance", "action_flag": 2, "change_message": "[{\"changed\": {\"fields\": [\"Friendly name\"]}}]"}}, {"model": "admin.logentry", "pk": 185, "fields": {"action_time": "2020-11-21T21:26:04.737Z", "user": 1, "content_type": 13, "object_id": "14", "object_repr": "deals", "action_flag": 2, "change_message": "[{\"changed\": {\"fields\": [\"Friendly name\"]}}]"}}, {"model": "admin.logentry", "pk": 186, "fields": {"action_time": "2020-11-21T21:26:15.250Z", "user": 1, "content_type": 13, "object_id": "13", "object_repr": "new_arrivals", "action_flag": 2, "change_message": "[{\"changed\": {\"fields\": [\"Friendly name\"]}}]"}}, {"model": "admin.logentry", "pk": 187, "fields": {"action_time": "2020-11-21T21:26:26.693Z", "user": 1, "content_type": 13, "object_id": "12", "object_repr": "ipad_pro", "action_flag": 2, "change_message": "[{\"changed\": {\"fields\": [\"Friendly name\"]}}]"}}, {"model": "admin.logentry", "pk": 188, "fields": {"action_time": "2020-11-21T21:26:36.744Z", "user": 1, "content_type": 13, "object_id": "11", "object_repr": "ipad_air", "action_flag": 2, "change_message": "[{\"changed\": {\"fields\": [\"Friendly name\"]}}]"}}, {"model": "admin.logentry", "pk": 189, "fields": {"action_time": "2020-11-21T21:26:51.811Z", "user": 1, "content_type": 13, "object_id": "10", "object_repr": "smartwatch_6", "action_flag": 2, "change_message": "[{\"changed\": {\"fields\": [\"Friendly name\"]}}]"}}, {"model": "admin.logentry", "pk": 190, "fields": {"action_time": "2020-11-21T21:27:07.216Z", "user": 1, "content_type": 13, "object_id": "9", "object_repr": "smartwatch_5", "action_flag": 2, "change_message": "[{\"changed\": {\"fields\": [\"Friendly name\"]}}]"}}, {"model": "admin.logentry", "pk": 191, "fields": {"action_time": "2020-11-21T21:27:23.381Z", "user": 1, "content_type": 13, "object_id": "8", "object_repr": "iphone_12", "action_flag": 2, "change_message": "[{\"changed\": {\"fields\": [\"Friendly name\"]}}]"}}, {"model": "admin.logentry", "pk": 192, "fields": {"action_time": "2020-11-21T21:27:34.897Z", "user": 1, "content_type": 13, "object_id": "7", "object_repr": "iphone_11", "action_flag": 2, "change_message": "[{\"changed\": {\"fields\": [\"Friendly name\"]}}]"}}, {"model": "admin.logentry", "pk": 193, "fields": {"action_time": "2020-11-21T21:27:45.943Z", "user": 1, "content_type": 13, "object_id": "6", "object_repr": "macbook_pro", "action_flag": 2, "change_message": "[{\"changed\": {\"fields\": [\"Friendly name\"]}}]"}}, {"model": "admin.logentry", "pk": 194, "fields": {"action_time": "2020-11-21T21:28:39.436Z", "user": 1, "content_type": 13, "object_id": "4", "object_repr": "iPad", "action_flag": 3, "change_message": ""}}, {"model": "admin.logentry", "pk": 195, "fields": {"action_time": "2020-11-21T21:28:39.461Z", "user": 1, "content_type": 13, "object_id": "3", "object_repr": "Apple Watch", "action_flag": 3, "change_message": ""}}, {"model": "admin.logentry", "pk": 196, "fields": {"action_time": "2020-11-21T21:28:39.481Z", "user": 1, "content_type": 13, "object_id": "2", "object_repr": "iPhone", "action_flag": 3, "change_message": ""}}, {"model": "admin.logentry", "pk": 197, "fields": {"action_time": "2020-11-21T21:28:39.503Z", "user": 1, "content_type": 13, "object_id": "1", "object_repr": "MacBook", "action_flag": 3, "change_message": ""}}, {"model": "admin.logentry", "pk": 198, "fields": {"action_time": "2020-12-02T21:33:59.183Z", "user": 1, "content_type": 14, "object_id": "88", "object_repr": "APPLE iPhone 7 - Rose Gold, 32 GB", "action_flag": 2, "change_message": "[{\"changed\": {\"fields\": [\"Image url\"]}}]"}}, {"model": "admin.logentry", "pk": 199, "fields": {"action_time": "2020-12-02T21:47:06.885Z", "user": 1, "content_type": 14, "object_id": "88", "object_repr": "APPLE iPhone 7 - Rose Gold, 32 GB", "action_flag": 2, "change_message": "[{\"changed\": {\"fields\": [\"Image url\"]}}]"}}, {"model": "admin.logentry", "pk": 200, "fields": {"action_time": "2020-12-02T21:57:35.133Z", "user": 1, "content_type": 14, "object_id": "89", "object_repr": "APPLE iPhone 7 - Silver, 32 GB", "action_flag": 2, "change_message": "[{\"changed\": {\"fields\": [\"Image url\"]}}]"}}, {"model": "admin.logentry", "pk": 201, "fields": {"action_time": "2020-12-02T21:58:10.968Z", "user": 1, "content_type": 14, "object_id": "90", "object_repr": "APPLE iPhone 7 - 32 GB, Black", "action_flag": 2, "change_message": "[{\"changed\": {\"fields\": [\"Image url\"]}}]"}}, {"model": "admin.logentry", "pk": 202, "fields": {"action_time": "2020-12-03T09:23:58.081Z", "user": 1, "content_type": 16, "object_id": "1", "object_repr": "168C47ED557046958027BAA5935F3BB1", "action_flag": 1, "change_message": "[{\"added\": {}}, {\"added\": {\"name\": \"order line item\", \"object\": \"SKU 177178 on order 168C47ED557046958027BAA5935F3BB1\"}}]"}}, {"model": "admin.logentry", "pk": 203, "fields": {"action_time": "2020-12-03T09:29:07.106Z", "user": 1, "content_type": 16, "object_id": "1", "object_repr": "168C47ED557046958027BAA5935F3BB1", "action_flag": 2, "change_message": "[{\"deleted\": {\"name\": \"order line item\", \"object\": \"SKU 177178 on order 168C47ED557046958027BAA5935F3BB1\"}}]"}}, {"model": "admin.logentry", "pk": 204, "fields": {"action_time": "2020-12-03T09:29:20.268Z", "user": 1, "content_type": 16, "object_id": "1", "object_repr": "168C47ED557046958027BAA5935F3BB1", "action_flag": 3, "change_message": ""}}, {"model": "admin.logentry", "pk": 205, "fields": {"action_time": "2020-12-10T17:12:53.085Z", "user": 4, "content_type": 4, "object_id": "3", "object_repr": "name@name.com", "action_flag": 3, "change_message": ""}}, {"model": "admin.logentry", "pk": 206, "fields": {"action_time": "2020-12-10T17:12:53.124Z", "user": 4, "content_type": 4, "object_id": "2", "object_repr": "stanciudorin86", "action_flag": 3, "change_message": ""}}, {"model": "auth.permission", "pk": 1, "fields": {"name": "Can add log entry", "content_type": 1, "codename": "add_logentry"}}, {"model": "auth.permission", "pk": 2, "fields": {"name": "Can change log entry", "content_type": 1, "codename": "change_logentry"}}, {"model": "auth.permission", "pk": 3, "fields": {"name": "Can delete log entry", "content_type": 1, "codename": "delete_logentry"}}, {"model": "auth.permission", "pk": 4, "fields": {"name": "Can view log entry", "content_type": 1, "codename": "view_logentry"}}, {"model": "auth.permission", "pk": 5, "fields": {"name": "Can add permission", "content_type": 2, "codename": "add_permission"}}, {"model": "auth.permission", "pk": 6, "fields": {"name": "Can change permission", "content_type": 2, "codename": "change_permission"}}, {"model": "auth.permission", "pk": 7, "fields": {"name": "Can delete permission", "content_type": 2, "codename": "delete_permission"}}, {"model": "auth.permission", "pk": 8, "fields": {"name": "Can view permission", "content_type": 2, "codename": "view_permission"}}, {"model": "auth.permission", "pk": 9, "fields": {"name": "Can add group", "content_type": 3, "codename": "add_group"}}, {"model": "auth.permission", "pk": 10, "fields": {"name": "Can change group", "content_type": 3, "codename": "change_group"}}, {"model": "auth.permission", "pk": 11, "fields": {"name": "Can delete group", "content_type": 3, "codename": "delete_group"}}, {"model": "auth.permission", "pk": 12, "fields": {"name": "Can view group", "content_type": 3, "codename": "view_group"}}, {"model": "auth.permission", "pk": 13, "fields": {"name": "Can add user", "content_type": 4, "codename": "add_user"}}, {"model": "auth.permission", "pk": 14, "fields": {"name": "Can change user", "content_type": 4, "codename": "change_user"}}, {"model": "auth.permission", "pk": 15, "fields": {"name": "Can delete user", "content_type": 4, "codename": "delete_user"}}, {"model": "auth.permission", "pk": 16, "fields": {"name": "Can view user", "content_type": 4, "codename": "view_user"}}, {"model": "auth.permission", "pk": 17, "fields": {"name": "Can add content type", "content_type": 5, "codename": "add_contenttype"}}, {"model": "auth.permission", "pk": 18, "fields": {"name": "Can change content type", "content_type": 5, "codename": "change_contenttype"}}, {"model": "auth.permission", "pk": 19, "fields": {"name": "Can delete content type", "content_type": 5, "codename": "delete_contenttype"}}, {"model": "auth.permission", "pk": 20, "fields": {"name": "Can view content type", "content_type": 5, "codename": "view_contenttype"}}, {"model": "auth.permission", "pk": 21, "fields": {"name": "Can add session", "content_type": 6, "codename": "add_session"}}, {"model": "auth.permission", "pk": 22, "fields": {"name": "Can change session", "content_type": 6, "codename": "change_session"}}, {"model": "auth.permission", "pk": 23, "fields": {"name": "Can delete session", "content_type": 6, "codename": "delete_session"}}, {"model": "auth.permission", "pk": 24, "fields": {"name": "Can view session", "content_type": 6, "codename": "view_session"}}, {"model": "auth.permission", "pk": 25, "fields": {"name": "Can add site", "content_type": 7, "codename": "add_site"}}, {"model": "auth.permission", "pk": 26, "fields": {"name": "Can change site", "content_type": 7, "codename": "change_site"}}, {"model": "auth.permission", "pk": 27, "fields": {"name": "Can delete site", "content_type": 7, "codename": "delete_site"}}, {"model": "auth.permission", "pk": 28, "fields": {"name": "Can view site", "content_type": 7, "codename": "view_site"}}, {"model": "auth.permission", "pk": 29, "fields": {"name": "Can add email address", "content_type": 8, "codename": "add_emailaddress"}}, {"model": "auth.permission", "pk": 30, "fields": {"name": "Can change email address", "content_type": 8, "codename": "change_emailaddress"}}, {"model": "auth.permission", "pk": 31, "fields": {"name": "Can delete email address", "content_type": 8, "codename": "delete_emailaddress"}}, {"model": "auth.permission", "pk": 32, "fields": {"name": "Can view email address", "content_type": 8, "codename": "view_emailaddress"}}, {"model": "auth.permission", "pk": 33, "fields": {"name": "Can add email confirmation", "content_type": 9, "codename": "add_emailconfirmation"}}, {"model": "auth.permission", "pk": 34, "fields": {"name": "Can change email confirmation", "content_type": 9, "codename": "change_emailconfirmation"}}, {"model": "auth.permission", "pk": 35, "fields": {"name": "Can delete email confirmation", "content_type": 9, "codename": "delete_emailconfirmation"}}, {"model": "auth.permission", "pk": 36, "fields": {"name": "Can view email confirmation", "content_type": 9, "codename": "view_emailconfirmation"}}, {"model": "auth.permission", "pk": 37, "fields": {"name": "Can add social account", "content_type": 10, "codename": "add_socialaccount"}}, {"model": "auth.permission", "pk": 38, "fields": {"name": "Can change social account", "content_type": 10, "codename": "change_socialaccount"}}, {"model": "auth.permission", "pk": 39, "fields": {"name": "Can delete social account", "content_type": 10, "codename": "delete_socialaccount"}}, {"model": "auth.permission", "pk": 40, "fields": {"name": "Can view social account", "content_type": 10, "codename": "view_socialaccount"}}, {"model": "auth.permission", "pk": 41, "fields": {"name": "Can add social application", "content_type": 11, "codename": "add_socialapp"}}, {"model": "auth.permission", "pk": 42, "fields": {"name": "Can change social application", "content_type": 11, "codename": "change_socialapp"}}, {"model": "auth.permission", "pk": 43, "fields": {"name": "Can delete social application", "content_type": 11, "codename": "delete_socialapp"}}, {"model": "auth.permission", "pk": 44, "fields": {"name": "Can view social application", "content_type": 11, "codename": "view_socialapp"}}, {"model": "auth.permission", "pk": 45, "fields": {"name": "Can add social application token", "content_type": 12, "codename": "add_socialtoken"}}, {"model": "auth.permission", "pk": 46, "fields": {"name": "Can change social application token", "content_type": 12, "codename": "change_socialtoken"}}, {"model": "auth.permission", "pk": 47, "fields": {"name": "Can delete social application token", "content_type": 12, "codename": "delete_socialtoken"}}, {"model": "auth.permission", "pk": 48, "fields": {"name": "Can view social application token", "content_type": 12, "codename": "view_socialtoken"}}, {"model": "auth.permission", "pk": 49, "fields": {"name": "Can add category", "content_type": 13, "codename": "add_category"}}, {"model": "auth.permission", "pk": 50, "fields": {"name": "Can change category", "content_type": 13, "codename": "change_category"}}, {"model": "auth.permission", "pk": 51, "fields": {"name": "Can delete category", "content_type": 13, "codename": "delete_category"}}, {"model": "auth.permission", "pk": 52, "fields": {"name": "Can view category", "content_type": 13, "codename": "view_category"}}, {"model": "auth.permission", "pk": 53, "fields": {"name": "Can add product", "content_type": 14, "codename": "add_product"}}, {"model": "auth.permission", "pk": 54, "fields": {"name": "Can change product", "content_type": 14, "codename": "change_product"}}, {"model": "auth.permission", "pk": 55, "fields": {"name": "Can delete product", "content_type": 14, "codename": "delete_product"}}, {"model": "auth.permission", "pk": 56, "fields": {"name": "Can view product", "content_type": 14, "codename": "view_product"}}, {"model": "auth.permission", "pk": 57, "fields": {"name": "Can add order line item", "content_type": 15, "codename": "add_orderlineitem"}}, {"model": "auth.permission", "pk": 58, "fields": {"name": "Can change order line item", "content_type": 15, "codename": "change_orderlineitem"}}, {"model": "auth.permission", "pk": 59, "fields": {"name": "Can delete order line item", "content_type": 15, "codename": "delete_orderlineitem"}}, {"model": "auth.permission", "pk": 60, "fields": {"name": "Can view order line item", "content_type": 15, "codename": "view_orderlineitem"}}, {"model": "auth.permission", "pk": 61, "fields": {"name": "Can add order", "content_type": 16, "codename": "add_order"}}, {"model": "auth.permission", "pk": 62, "fields": {"name": "Can change order", "content_type": 16, "codename": "change_order"}}, {"model": "auth.permission", "pk": 63, "fields": {"name": "Can delete order", "content_type": 16, "codename": "delete_order"}}, {"model": "auth.permission", "pk": 64, "fields": {"name": "Can view order", "content_type": 16, "codename": "view_order"}}, {"model": "auth.permission", "pk": 65, "fields": {"name": "Can add user profile", "content_type": 17, "codename": "add_userprofile"}}, {"model": "auth.permission", "pk": 66, "fields": {"name": "Can change user profile", "content_type": 17, "codename": "change_userprofile"}}, {"model": "auth.permission", "pk": 67, "fields": {"name": "Can delete user profile", "content_type": 17, "codename": "delete_userprofile"}}, {"model": "auth.permission", "pk": 68, "fields": {"name": "Can view user profile", "content_type": 17, "codename": "view_userprofile"}}, {"model": "auth.user", "pk": 1, "fields": {"password": "pbkdf2_sha256$216000$FB3D0QvLIOFE$NjWqnlc6em1xdXCluT+vC3Qtgqxj0xw4GlOz00uAmvE=", "last_login": "2020-12-10T16:06:30.647Z", "is_superuser": true, "username": "stanciudorin", "first_name": "", "last_name": "", "email": "stanciudorin@yahoo.com", "is_staff": true, "is_active": true, "date_joined": "2020-11-08T20:54:12.331Z", "groups": [], "user_permissions": []}}, {"model": "auth.user", "pk": 4, "fields": {"password": "pbkdf2_sha256$216000$DYtGK83RYcmw$OL2ozLmjCBMsSeD6t290C6V6HyXWqudxJq86AQFv1nw=", "last_login": "2020-12-10T19:25:29.645Z", "is_superuser": true, "username": "stanciudorin1986", "first_name": "", "last_name": "", "email": "stanciudorin1986@yahoo.com", "is_staff": true, "is_active": true, "date_joined": "2020-12-10T17:11:22.430Z", "groups": [], "user_permissions": []}}, {"model": "auth.user", "pk": 5, "fields": {"password": "pbkdf2_sha256$216000$S0hnTSbue1aN$DJjasIMYEqZVK6WetWiXDwbhhxjYJJMwuGA8p0RDFfk=", "last_login": null, "is_superuser": false, "username": "name@name.com", "first_name": "", "last_name": "", "email": "name@name.com", "is_staff": false, "is_active": true, "date_joined": "2020-12-10T19:22:39.949Z", "groups": [], "user_permissions": []}}, {"model": "contenttypes.contenttype", "pk": 1, "fields": {"app_label": "admin", "model": "logentry"}}, {"model": "contenttypes.contenttype", "pk": 2, "fields": {"app_label": "auth", "model": "permission"}}, {"model": "contenttypes.contenttype", "pk": 3, "fields": {"app_label": "auth", "model": "group"}}, {"model": "contenttypes.contenttype", "pk": 4, "fields": {"app_label": "auth", "model": "user"}}, {"model": "contenttypes.contenttype", "pk": 5, "fields": {"app_label": "contenttypes", "model": "contenttype"}}, {"model": "contenttypes.contenttype", "pk": 6, "fields": {"app_label": "sessions", "model": "session"}}, {"model": "contenttypes.contenttype", "pk": 7, "fields": {"app_label": "sites", "model": "site"}}, {"model": "contenttypes.contenttype", "pk": 8, "fields": {"app_label": "account", "model": "emailaddress"}}, {"model": "contenttypes.contenttype", "pk": 9, "fields": {"app_label": "account", "model": "emailconfirmation"}}, {"model": "contenttypes.contenttype", "pk": 10, "fields": {"app_label": "socialaccount", "model": "socialaccount"}}, {"model": "contenttypes.contenttype", "pk": 11, "fields": {"app_label": "socialaccount", "model": "socialapp"}}, {"model": "contenttypes.contenttype", "pk": 12, "fields": {"app_label": "socialaccount", "model": "socialtoken"}}, {"model": "contenttypes.contenttype", "pk": 13, "fields": {"app_label": "products", "model": "category"}}, {"model": "contenttypes.contenttype", "pk": 14, "fields": {"app_label": "products", "model": "product"}}, {"model": "contenttypes.contenttype", "pk": 15, "fields": {"app_label": "checkout", "model": "orderlineitem"}}, {"model": "contenttypes.contenttype", "pk": 16, "fields": {"app_label": "checkout", "model": "order"}}, {"model": "contenttypes.contenttype", "pk": 17, "fields": {"app_label": "profiles", "model": "userprofile"}}, {"model": "sessions.session", "pk": "0xrjjx0tbqwghfa1y2mt299a0qumrlyd", "fields": {"session_data": "e30:1klrFK:NAUtqkD647pWD4CuNcsCi-MQHyn-pvF4DuLZvkE0gxg", "expire_date": "2020-12-20T10:26:26.408Z"}}, {"model": "sessions.session", "pk": "0ypkkpe3bgxgcg0oyfxlkwafbvtjyypo", "fields": {"session_data": "eyJzaG9wcGluZ2JhZyI6eyIxIjoxLCIyNSI6MX19:1ki1RF:qIqFaIU4sUE0GEnawCUc-yAYrmw7YOzvIqotIPt4mC4", "expire_date": "2020-12-09T20:30:53.990Z"}}, {"model": "sessions.session", "pk": "2i3fmvqwgeth9otf2llflnwx0ncfujra", "fields": {"session_data": "e30:1klqq0:-fKeFvRZEwxt1SqrcY3mWsN7xSiBwr2ECjHJpkvtbp4", "expire_date": "2020-12-20T10:00:16.456Z"}}, {"model": "sessions.session", "pk": "4ov3vojkm0sazl3le8htk44xk8vf3enr", "fields": {"session_data": "eyJzaG9wcGluZ2JhZyI6eyIxIjoxMH19:1kjqDc:Q0oKEdBsSYe4aqJPJucjD4aPmHnbdMdX7QLnak0qWxw", "expire_date": "2020-12-14T20:56:20.560Z"}}, {"model": "sessions.session", "pk": "5aj2xxlk53nouzpewwkf5uz7762130l9", "fields": {"session_data": "eyJzaG9wcGluZ2JhZyI6eyI4OCI6MTAsIjgxIjoxMn19:1kjqD8:tFtiYuNkZ55tnbPNKxvRgo4RqpgwDcC0ksCp3-VnbUk", "expire_date": "2020-12-14T20:55:50.552Z"}}, {"model": "sessions.session", "pk": "5z61fny1ocv3c8ku7ikxtuqln5ecljpa", "fields": {"session_data": ".eJxVjDsOgzAQRO-yNbJsAvZCmZ4zoPUPk0Q2wlAh7h4jUSTVSDNv3gEj7VsY9-zWcbbQg4Dqt9Nk3i5eg31RnBIzKW7rrNmFsHvNbEjWfZ43-ycIlEN5e2UfnVKmFho1SuE4oq9JE6mucZqwqMijk8i5J97UgrdkpGxla7zwvkhzSMsyx0nTBP0BHYdeVICixHl-ASbKQSA:1kjrH8:ClsqbKGo_6YyRKkOikNjLYhdyGt38loWT2rul56kISU", "expire_date": "2020-12-14T22:04:02.213Z"}}, {"model": "sessions.session", "pk": "6o5ed5gdfylj1g8uiql3hju52hmbiiqb", "fields": {"session_data": ".eJxVjEEOgyAQRe_CuiFgFUaX3fcMZgYYsW3AiK6Md68mbty-9_7fRIl5msY0EA6i24QW3XN_iB7XJfZrCXM_etEd-MYI3TekU_gPpiFLl9MyjyTPRF62yHf24fe62ttBxBKPNVv_bK11lSYgMDooAK6QEG1bB0I4rpAhGFCKUdWVVg06YxrTONbMYv8DEXo_pg:1kjpJq:T60lA2cg0lzpTrYOKJJP5vttDeABksPw160B-AKDRPk", "expire_date": "2020-12-14T19:58:42.851Z"}}, {"model": "sessions.session", "pk": "6vmu6s0wfofwy7xns0kx5iiy40avyeck", "fields": {"session_data": ".eJxVjkEOgyAURO_CuiFgFdBl9z0D-R_4YtuAEV0Z715MXLTbeTMvszML2xrtVsJiJ88GJtntN0Nw75BO4F-QxsxdTusyIT8r_KKFP7MPn8fV_RNEKLGuSft7r7VrJBo0SgZhDDWAALpvA4KpKiATlBGCQLSNFB04pTrVOZJEVVpinucpjQgjG_Z6dJDiOL5m1D_U:1kl90U:JsSM36HD_e4IIsne6INh7BmfTwXUrTagTvfiBvx2VlA", "expire_date": "2020-12-18T11:12:10.680Z"}}, {"model": "sessions.session", "pk": "9lta1667k5vebuanthjjxlvltsj0xffv", "fields": {"session_data": "eyJzaG9wcGluZ2JhZyI6eyI5MSI6MX19:1klqtS:O5JAIac61ApFZSl7RokArLb0cgyHBT2od1VQexOwCCQ", "expire_date": "2020-12-20T10:03:50.089Z"}}, {"model": "sessions.session", "pk": "c54llexzwneof8hca12cf6prw98v0ek4", "fields": {"session_data": ".eJxVjDsOgzAQRO-yNbJsArahTM8Z0K4_mCSyEYYKcfcYiSJppph58w4Ycd_CuGe3jrOFHgRUvx2hebt4DfaFcUrMpLitM7ELYfea2ZCs-zxv9k8QMIfy9so-OqVMLUiTlsJxrX2NhKi6xhHqokKvndSce-RNLXiLRspWtsYL74s0h7Qsc5wIJ-gP6Dj0ogJV8jy_5idA7g:1kkaDA:8B6f2ivB0X5ayVp5XCSpmoG4jHHwvwcEioeDVZgeBdQ", "expire_date": "2020-12-16T22:02:56.389Z"}}, {"model": "sessions.session", "pk": "e8ff28hc66m5kv3titbbmghsc7oijdmf", "fields": {"session_data": ".eJxVjEEOgyAQRe_CuiFgFUaX3fcMZgYYsW3AiK6Md68mLtrtf--_TfS4LrFfS5j70YtOaHH73QjdO6QT-BemIUuX0zKPJE9FXrTIZ_bh87jcv0DEEo83W39vrXWVJiAwOigArpAQbVsHQjhSyBAMKMWo6kqrBp0xjWkca-YjWmKepjENhIPoNgEgOr3vX2c4P-M:1kkuFq:zoDvy-UfZSD1KEOUtmPWLSVDu9hlm297w90QNajLelw", "expire_date": "2020-12-17T19:27:02.425Z"}}, {"model": "sessions.session", "pk": "emdezn48m6cyllix7z8uaz718qywcelx", "fields": {"session_data": "eyJzYXZlX2luZm8iOmZhbHNlfQ:1kn6o7:NsCjqPqlU1_0pdGlpcwFVsjlFbMECCr9Y9oujYUw_Co", "expire_date": "2020-12-23T21:15:31.725Z"}}, {"model": "sessions.session", "pk": "epz317h8er0e0z2jxlk4k01a8x5bv099", "fields": {"session_data": ".eJxVjMEOgjAQRP9lz4TUFkrl6N1vaLbsVqrYGgpGY_x3wRATkznNezMvwK5Lc5zsncfgA5PlK4YB2jgPQ_Gjc-YRWqihAJs555Ci5cctjE9oxdLhPPVfyQZavAr-OofdheMK6IzxlMouxWkMrlyVcqO5PCbi4bC5fwc95n5Zo8Sd0M7UxlDtdSU1C5SKtGNRkcC91NJrJwQjeVJCNQ1qY3ytKqWXwPsD9jlQCQ:1knRZB:1a-5FKQny6Q60Y1doOv5T-xPz80A_TpAm5h95JLdaa4", "expire_date": "2020-12-24T19:25:29.833Z"}}, {"model": "sessions.session", "pk": "hdeq1f3aflrr8kzozqx6csxat3szyqsw", "fields": {"session_data": ".eJxVjLEOgzAMRP_FM0JOgMRh7N5vQE5IgLYCRGBC_HtDy8Lik-_e3Q6xn-Z5GDvLHdQ7GIRaZCB-l07BIgMJdXH-SY1JaYIkYgal_htECTwyaHhb-2aLfmmGFuo0c_Msu7cfz6B98dhNuZvGdRlsfiL5lcb8ObX-87jY20DPsU_toNvCaO2ksGRJCY9EQbJl1qb0lilNcSCvCDEwllJgxU6pSlUuiBDg-AJyI0nE:1kkZlh:-up0ZmH4MKShZ0tMdg2kcQVh6gv7zye0WFy57Ey2kpA", "expire_date": "2020-12-16T21:34:33.596Z"}}, {"model": "sessions.session", "pk": "jup28y25gj26yx7wjdzifcxon42s6cox", "fields": {"session_data": "eyJzaG9wcGluZ2JhZyI6eyIyIjoxLCIxMCI6NH19:1khfmU:tqLVP1Bu_R-9GY3fpk41KngKi8tUoSqu3U0PZP2U8u0", "expire_date": "2020-12-08T21:23:22.306Z"}}, {"model": "sessions.session", "pk": "mo9qf7akhjqiog7nyghe8exqtlzonwpu", "fields": {"session_data": "e30:1knOSc:GS_8SykqDLmqTVr5K0hynuiZvyeJvuKAfl3HFeIqWQY", "expire_date": "2020-12-24T16:06:30.618Z"}}, {"model": "sessions.session", "pk": "n0hucdme2xjg5pyauhmkvan2wfnm6spq", "fields": {"session_data": ".eJxVjL0OgzAQg9_lZhQlKSRHxu59BnT5I7RVgghMiHcvSCxdbMmf7R1qKvM85dHSCGYHRDCyAezBiAbkbaceDQy0rWnYaliGyYMBAX-ZJfcJ-QL-TXkszJW8LpNlV4XdtLJX8eH7vLt_B4lqOtdR-0evtZPCokUlAkeMkiyR7ttgCc8rihgUch6Jt1LwjpxSnepcFDHC8QNmgEOD:1kkksy:Pu2R6trAjFZW4qc-zG0QfcLtFNti584K6VjTzkmKVy8", "expire_date": "2020-12-17T09:26:48.734Z"}}, {"model": "sessions.session", "pk": "nuto4jiif0mtc9ja1hh4udfx2zgmitbx", "fields": {"session_data": "e30:1klqqX:h67WelXc9epLNdAzYZ19zFPv-42Ob4fFCHGGH_f8cO4", "expire_date": "2020-12-20T10:00:49.202Z"}}, {"model": "sessions.session", "pk": "phf4p78hfowyomfvorvoqowqvhqzzk6w", "fields": {"session_data": "eyJzaG9wcGluZ2JhZyI6eyI4OCI6MX19:1kkaJ1:UXTy8OLey_7VBQDhke1HycQxZ7or8gLTbLamOOpPS3w", "expire_date": "2020-12-16T22:08:59.900Z"}}, {"model": "sessions.session", "pk": "plz3z131o6q7t4y674d8g0nkftbrb97o", "fields": {"session_data": "eyJzaG9wcGluZ2JhZyI6e319:1klbV7:7kC-6zSdYot0n4xRfzAewbZI1pVVdcMeZXLEdU1IMYc", "expire_date": "2020-12-19T17:37:41.724Z"}}, {"model": "sessions.session", "pk": "pz5qswzxcz63ym8cnz4kuojeqmkr35vn", "fields": {"session_data": "eyJzYXZlX2luZm8iOmZhbHNlfQ:1kn6j7:59PiOf4Sk0Dqq7ODabUFU1P9RHUjeaib904Leh-Aabs", "expire_date": "2020-12-23T21:10:21.883Z"}}, {"model": "sessions.session", "pk": "qaymigsvuqw79bbusveiv2xnl0yi0gne", "fields": {"session_data": "eyJzaG9wcGluZ2JhZyI6eyIyIjoxfX0:1kmx3K:adrI_9q9RqLMTjhkhzgQiRPDy7_hiwGd1mk3F7-LKDM", "expire_date": "2020-12-23T10:50:34.752Z"}}, {"model": "sessions.session", "pk": "qgaly1kowsh8j6fmq7cn7bxgqrwn4tf6", "fields": {"session_data": "eyJzaG9wcGluZ2JhZyI6eyI1NSI6MSwiNyI6MiwiMSI6Mn19:1kjqLO:I6ekXdCdldYO8fxyCkS7mIslSmR_hdqz6EBXnHe6r2w", "expire_date": "2020-12-14T21:04:22.100Z"}}, {"model": "sessions.session", "pk": "qymnnovxdpfz68exdz1b4tmcmcgbutum", "fields": {"session_data": "eyJzaG9wcGluZ2JhZyI6eyI4MSI6MSwiODgiOjJ9fQ:1kkaIQ:jeF8HpOW3NWu96TYt9UxGagxtLF2pgsAZI7R8FzAVAw", "expire_date": "2020-12-16T22:08:22.212Z"}}, {"model": "sessions.session", "pk": "srbllngb57388l6619qrymjdyp5fbris", "fields": {"session_data": ".eJxVjDsOgzAQBe-yNbJsB-yNy_Q5A1r_MElkIwwV4u4BiYb2zbzZoKYyTWMeLA1gNhBgZAOIYMTeQE_rkvq1hrkfPZiD3jZL7hvyCfyH8lCYK3mZR8tOhV20snfx4fe63FsgUU3HO2r_eGrtpLBoUYnAEaMkS6SfbbCER4oiBoWcR-KtFLwjp1SnOhdFjLD_ASSbQPA:1kjpyW:_6b2lpE_HewkulJEki5LCOHEMxSR4SaB2ZRvNYZB65Q", "expire_date": "2020-12-14T20:40:44.733Z"}}, {"model": "sessions.session", "pk": "v66ptbp7gabsjz0ul8a9eqhdjkayvaxj", "fields": {"session_data": ".eJxVjs0KgzAQhN9lz0GyMSbRY-99Btn8qW1RMXoS371RCm0vO7DfzDA7tLStfbulsLSDhwYQ2O_PknuG8QT-QWM3FW4a12WwxWkpPjQV98mH1-3j_SvoKfU5HbUva62dQGusURi4MVGQJdK1DJZMrqJogjKcR-JSIK_IKVWpykWMMZda6qDZ88BGMTACGjwYpH6a52HsvlAwKGWG2YOXiOvKMgtngPUZPN4nqErl:1kjp4i:pt9m14A64T8Qqr3ph5gcnOdT2yaHB3olczFvlzLOJCo", "expire_date": "2020-12-14T19:43:04.507Z"}}, {"model": "sessions.session", "pk": "vm40jz0iuu2iki54zryerytluunv1qip", "fields": {"session_data": "eyJzaG9wcGluZ2JhZyI6eyIxIjoxMH19:1kl9D8:XkVDeQ2CWUPvV3uUbWm5uupIDxlHf41hRilUtnAW4so", "expire_date": "2020-12-18T11:25:14.589Z"}}, {"model": "sessions.session", "pk": "wtacsi5gbjzglbaauda2itu2e1n1kte6", "fields": {"session_data": "eyJhY2NvdW50X3ZlcmlmaWVkX2VtYWlsIjpudWxsLCJhY2NvdW50X3VzZXIiOiIyIiwic2hvcHBpbmdiYWciOnsiMSI6MX19:1kmkgT:WLrrhNto9Fchdqj28-Doz9Q2RT9elGF5ddU7-3THl3g", "expire_date": "2020-12-22T21:38:09.774Z"}}, {"model": "sessions.session", "pk": "y5dgg095aiu0852cuegex8g9ugtfjc4s", "fields": {"session_data": "eyJzYXZlX2luZm8iOmZhbHNlfQ:1knORh:dNiJ-YmZI99e1gfNPhrnc4NUnbZRBofYdwnCZt15Sak", "expire_date": "2020-12-24T16:05:33.206Z"}}, {"model": "sessions.session", "pk": "zygb5nx0l00anso84f23fudjqs0vmj99", "fields": {"session_data": "eyJzaG9wcGluZ2JhZyI6eyIxIjoyLCI0IjoxLCI0MyI6MX19:1ki1XZ:uZbzyXc4YTJewwXhLSF5aofS9BW9AGpkvUPnmdT5Kto", "expire_date": "2020-12-09T20:37:25.447Z"}}, {"model": "sites.site", "pk": 1, "fields": {"domain": "www.appleitems.com", "name": "Apple Items"}}, {"model": "account.emailaddress", "pk": 3, "fields": {"user": 5, "email": "name@name.com", "verified": true, "primary": true}}, {"model": "account.emailaddress", "pk": 4, "fields": {"user": 4, "email": "stanciudorin1986@yahoo.com", "verified": true, "primary": true}}, {"model": "products.category", "pk": 5, "fields": {"name": "macbook_air", "friendly_name": "Macbook Air"}}, {"model": "products.category", "pk": 6, "fields": {"name": "macbook_pro", "friendly_name": "Macbook Pro"}}, {"model": "products.category", "pk": 7, "fields": {"name": "iphone_11", "friendly_name": "iPhone 11"}}, {"model": "products.category", "pk": 8, "fields": {"name": "iphone_12", "friendly_name": "iPhone 12"}}, {"model": "products.category", "pk": 9, "fields": {"name": "smartwatch_5", "friendly_name": "Apple Watch 5"}}, {"model": "products.category", "pk": 10, "fields": {"name": "smartwatch_6", "friendly_name": "Apple Watch 6"}}, {"model": "products.category", "pk": 11, "fields": {"name": "ipad_air", "friendly_name": "iPad Air"}}, {"model": "products.category", "pk": 12, "fields": {"name": "ipad_pro", "friendly_name": "iPad Pro"}}, {"model": "products.category", "pk": 13, "fields": {"name": "new_arrivals", "friendly_name": "New Arrivals"}}, {"model": "products.category", "pk": 14, "fields": {"name": "deals", "friendly_name": "Deals"}}, {"model": "products.category", "pk": 15, "fields": {"name": "clearance", "friendly_name": "Clearance"}}, {"model": "products.category", "pk": 16, "fields": {"name": "all_specials", "friendly_name": "All Specials"}}, {"model": "products.product", "pk": 1, "fields": {"category": 5, "sku": "314812", "name": "APPLE 13.3\" MacBook Air with Retina Display (2020) - 256 GB SSD, Space Grey", "description": "macOS 11.0 Big Sur\r\nApple M1 chip\r\nRAM: 8 GB / Storage: 256 GB SSD\r\nRetina display\r\nBattery life: Up to 18 hours\r\nSpace Grey", "price": "999.00", "rating": "5.00", "image_url": null, "image": "APPLE_13.322_MacBook_Air_with_Retina_Display_2020.jpg"}}, {"model": "products.product", "pk": 2, "fields": {"category": 5, "sku": "314816", "name": "APPLE 13.3\" MacBook Air with Retina Display (2020) - 256 GB SSD, Gold", "description": "macOS 11.0 Big Sur\r\nApple M1 chip\r\nRAM: 8 GB / Storage: 256 GB SSD\r\nRetina display\r\nBattery life: Up to 18 hours\r\nGold", "price": "999.00", "rating": "5.00", "image_url": null, "image": "APPLE_13.322_MacBook_Air_with_Retina_Display_2020_-_256_GB_SSD_Gold.jpg"}}, {"model": "products.product", "pk": 3, "fields": {"category": 5, "sku": "314814", "name": "APPLE 13.3\" MacBook Air with Retina Display (2020) - 256 GB SSD, Silver", "description": "macOS 11.0 Big Sur\r\nApple M1 chip\r\nRAM: 8 GB / Storage: 256 GB SSD\r\nRetina display\r\nBattery life: Up to 18 hours\r\nSilver", "price": "999.00", "rating": "5.00", "image_url": null, "image": "APPLE_13.322_MacBook_Air_with_Retina_Display_2020_-_256_GB_SSD_Silver.jpg"}}, {"model": "products.product", "pk": 4, "fields": {"category": 5, "sku": "314813", "name": "APPLE 13.3\" MacBook Air with Retina Display (2020) - 512 GB SSD, Space Grey", "description": "macOS 11.0 Big Sur\r\nApple M1 chip\r\nRAM: 8 GB / Storage: 512 GB SSD\r\nRetina display\r\nBattery life: Up to 18 hours\r\nSpace Grey", "price": "1249.00", "rating": "5.00", "image_url": null, "image": "APPLE_13.322_MacBook_Air_with_Retina_Display_2020_-_512_GB_SSD_Space_Grey.jpg"}}, {"model": "products.product", "pk": 5, "fields": {"category": 5, "sku": "314815", "name": "APPLE 13.3\" MacBook Air with Retina Display (2020) - 512 GB SSD, Silver", "description": "macOS 11.0 Big Sur\r\nApple M1 chip\r\nRAM: 8 GB / Storage: 512 GB SSD\r\nRetina display\r\nBattery life: Up to 18 hours\r\nSilver", "price": "1249.00", "rating": "5.00", "image_url": null, "image": "APPLE_13.322_MacBook_Air_with_Retina_Display_2020_-_512_GB_SSD_Silver.jpg"}}, {"model": "products.product", "pk": 6, "fields": {"category": 5, "sku": "314818", "name": "APPLE 13.3\" MacBook Air with Retina Display (2020) - 512 GB SSD, Gold", "description": "macOS 11.0 Big Sur\r\nApple M1 chip\r\nRAM: 8 GB / Storage: 512 GB SSD\r\nRetina display\r\nBattery life: Up to 18 hours\r\nGold", "price": "1249.00", "rating": "5.00", "image_url": null, "image": "APPLE_13.322_MacBook_Air_with_Retina_Display_2020_-_512_GB_SSD_Gold.jpg"}}, {"model": "products.product", "pk": 7, "fields": {"category": 6, "sku": "280920", "name": "APPLE 16\" MacBook Pro with Touch Bar (2019) - 512 GB SSD, Space Grey", "description": "MacOS\r\nIntel® Core™ i7 Processor\r\nRAM: 16 GB / Storage: 512 GB SSD\r\nGraphics: Intel® Iris™ Plus\r\nRetina display\r\nSpace Grey", "price": "2148.00", "rating": "5.00", "image_url": null, "image": "APPLE_1622_MacBook_Pro_with_Touch_Bar_2019_-_512_GB_SSD_Space_Grey.jpg"}}, {"model": "products.product", "pk": 8, "fields": {"category": 6, "sku": "280922", "name": "APPLE 16\" MacBook Pro with Touch Bar (2019) - 512 GB SSD, Silver", "description": "MacOS\r\nIntel® Core™ i7 Processor\r\nRAM: 16 GB / Storage: 512 GB SSD\r\nGraphics: Intel® Iris™ Plus\r\nRetina display\r\nSilver", "price": "2148.00", "rating": "5.00", "image_url": null, "image": "APPLE_1622_MacBook_Pro_with_Touch_Bar_2019_-_512_GB_SSD_Silver.jpg"}}, {"model": "products.product", "pk": 9, "fields": {"category": 6, "sku": "280921", "name": "APPLE 16\" MacBook Pro with Touch Bar (2019) - 1 TB SSD, Space Grey", "description": "MacOS\r\nIntel® Core™ i9 Processor\r\nRAM: 16 GB / Storage: 1 TB SSD\r\nGraphics: Intel® Iris™ Plus\r\nRetina display\r\nSpace Grey", "price": "2470.00", "rating": "5.00", "image_url": null, "image": "APPLE_1622_MacBook_Pro_with_Touch_Bar_2019_-_1_TB_SSD_Space_Grey.jpg"}}, {"model": "products.product", "pk": 10, "fields": {"category": 6, "sku": "280924", "name": "APPLE 16\" MacBook Pro with Touch Bar (2019) - 1 TB SSD, Silver", "description": "MacOS\r\nIntel® Core™ i9 Processor\r\nRAM: 16 GB / Storage: 1 TB SSD\r\nGraphics: AMD Radeon Pro 5500M\r\nRetina display\r\nSilver", "price": "2470.76", "rating": "5.00", "image_url": null, "image": "APPLE_1622_MacBook_Pro_with_Touch_Bar_2019_-_1_TB_SSD_Silver.jpg"}}, {"model": "products.product", "pk": 11, "fields": {"category": 6, "sku": "290961", "name": "APPLE 13\" MacBook Pro with Touch Bar (2020) - 512 GB SSD, Silver", "description": "MacOS\r\nIntel® Core™ i5 Processor\r\nRAM: 16 GB / Storage: 512 GB SSD\r\nGraphics: Intel® Iris™ Plus\r\nRetina display\r\nSilver", "price": "1630.00", "rating": "5.00", "image_url": null, "image": "APPLE_1322_MacBook_Pro_with_Touch_Bar_2020_-_512_GB_SSD_Silver.jpg"}}, {"model": "products.product", "pk": 12, "fields": {"category": 6, "sku": "314822", "name": "APPLE 13\" MacBook Pro with Touch Bar (2020) - 512 GB SSD, Silver", "description": "macOS 11.0 Big Sur\r\nApple M1 chip\r\nRAM: 8 GB / Storage: 512 GB SSD\r\nRetina display\r\nBattery life: Up to 20 hours\r\nSilver", "price": "1499.00", "rating": "5.00", "image_url": null, "image": "APPLE_1322_MacBook_Pro_with_Touch_Bar_2020_-_512_GB_SSD_Silver_M1_Chip.jpg"}}, {"model": "products.product", "pk": 13, "fields": {"category": 6, "sku": "314821", "name": "APPLE 13\" MacBook Pro with Touch Bar (2020) - 256 GB SSD, Silver M1 Chip", "description": "macOS 11.0 Big Sur\r\nApple M1 chip\r\nRAM: 8 GB / Storage: 256 GB SSD\r\nRetina display\r\nBattery life: Up to 20 hours\r\nSilver", "price": "1299.00", "rating": "5.00", "image_url": null, "image": "APPLE_1322_MacBook_Pro_with_Touch_Bar_2020_-_256_GB_SSD_Silver_M1_Chip.jpg"}}, {"model": "products.product", "pk": 14, "fields": {"category": 6, "sku": "314819", "name": "APPLE 13\" MacBook Pro with Touch Bar (2020) - 256 GB SSD, Space Gray M1 Chip", "description": "macOS 11.0 Big Sur\r\nApple M1 chip\r\nRAM: 8 GB / Storage: 256 GB SSD\r\nRetina display\r\nBattery life: Up to 20 hours\r\nSpace Grey", "price": "1299.00", "rating": "5.00", "image_url": null, "image": "APPLE_1322_MacBook_Pro_with_Touch_Bar_2020_-_256_GB_SSD_Space_Gray_M1_Chip.jpg"}}, {"model": "products.product", "pk": 15, "fields": {"category": 6, "sku": "290949", "name": "APPLE 13\" MacBook Pro with Touch Bar (2020) - 1 TB SSD, Space Grey", "description": "MacOS\r\nIntel® Core™ i5 Processor\r\nRAM: 16 GB / Storage: 1 TB SSD\r\nGraphics: Intel® Iris™ Plus\r\nRetina display\r\nSpace Grey", "price": "1829.00", "rating": "5.00", "image_url": null, "image": "APPLE_1322_MacBook_Pro_with_Touch_Bar_2020_-_1_TB_SSD_Space_Grey_M1_Chip.jpg"}}, {"model": "products.product", "pk": 16, "fields": {"category": 6, "sku": "290952", "name": "APPLE 13\" MacBook Pro with Touch Bar (2020) - 1 TB SSD, Silver", "description": "MacOS\r\nIntel® Core™ i5 Processor\r\nRAM: 16 GB / Storage: 1 TB SSD\r\nGraphics: Intel® Iris™ Plus\r\nRetina display\r\nSilver", "price": "1800.00", "rating": "5.00", "image_url": null, "image": "APPLE_1322_MacBook_Pro_with_Touch_Bar_2020_-_1_TB_SSD_Silver.jpg"}}, {"model": "products.product", "pk": 17, "fields": {"category": 6, "sku": "290953", "name": "APPLE 13\" MacBook Pro with Touch Bar (2020) - 512 GB SSD, Space Grey", "description": "MacOS\r\nIntel® Core™ i5 Processor\r\nRAM: 16 GB / Storage: 512 GB SSD\r\nGraphics: Intel® Iris™ Plus\r\nRetina display\r\nSpace Grey", "price": "1649.00", "rating": "5.00", "image_url": null, "image": "APPLE_1322_MacBook_Pro_with_Touch_Bar_2020_-_512_GB_SSD_Space_Grey.jpg"}}, {"model": "products.product", "pk": 18, "fields": {"category": 6, "sku": "314820", "name": "APPLE 13\" MacBook Pro with Touch Bar (2020) - 512 GB SSD, Space Grey", "description": "macOS 11.0 Big Sur\r\nApple M1 chip\r\nRAM: 8 GB / Storage: 512 GB SSD\r\nRetina display\r\nBattery life: Up to 20 hours\r\nSpace Grey", "price": "1499.00", "rating": "5.00", "image_url": null, "image": "APPLE_1322_MacBook_Pro_with_Touch_Bar_2020_-_512_GB_SSD_Space_Grey_M1_Chip.jpg"}}, {"model": "products.product", "pk": 19, "fields": {"category": 11, "sku": "299964", "name": "APPLE 10.9\" iPad Air Cellular (2020) - 256 GB, Sky Blue", "description": "iPadOS\r\nLiquid Retina display\r\n256 GB storage: Perfect for saving pretty much everything\r\nBattery life: Up to 9 hours\r\nCompatible with Apple Pencil (2nd generation)", "price": "859.00", "rating": "5.00", "image_url": null, "image": "APPLE_10.922_iPad_Air_Cellular_2020_-_256_GB_Sky_Blue.jpg"}}, {"model": "products.product", "pk": 20, "fields": {"category": 11, "sku": "299956", "name": "APPLE 10.9\" iPad Air Cellular (2020) - 256 GB, Rose Gold", "description": "iPadOS\r\nLiquid Retina display\r\n256 GB storage: Perfect for saving pretty much everything\r\nBattery life: Up to 9 hours\r\nCompatible with Apple Pencil (2nd generation)\r\nRose Gold", "price": "859.00", "rating": "5.00", "image_url": null, "image": "APPLE_10.922_iPad_Air_Cellular_2020_-_256_GB_Rose_Gold.jpg"}}, {"model": "products.product", "pk": 21, "fields": {"category": 11, "sku": "299955", "name": "APPLE 10.9\" iPad Air Cellular (2020) - 256 GB, Space Grey", "description": "iPadOS\r\nLiquid Retina display\r\n256 GB storage: Perfect for saving pretty much everything\r\nBattery life: Up to 9 hours\r\nCompatible with Apple Pencil (2nd generation)\r\nSpace Grey", "price": "859.00", "rating": "5.00", "image_url": null, "image": "APPLE_10.922_iPad_Air_Cellular_2020_-_256_GB_Space_Grey.jpg"}}, {"model": "products.product", "pk": 22, "fields": {"category": 11, "sku": "299954", "name": "APPLE 10.9\" iPad Air Cellular (2020) - 256 GB, Silver", "description": "iPadOS\r\nLiquid Retina display\r\n256 GB storage: Perfect for saving pretty much everything\r\nBattery life: Up to 9 hours\r\nCompatible with Apple Pencil (2nd generation)\r\nSilver", "price": "859.00", "rating": "5.00", "image_url": null, "image": "APPLE_10.922_iPad_Air_Cellular_2020_-_256_GB_Silver.jpg"}}, {"model": "products.product", "pk": 23, "fields": {"category": 11, "sku": "312936", "name": "APPLE 10.9\" iPad Air Cellular (2020) - 256 GB, Green", "description": "iPadOS\r\nLiquid Retina display\r\n256 GB storage: Perfect for saving pretty much everything\r\nBattery life: Up to 9 hours\r\nCompatible with Apple Pencil (2nd generation)\r\nGreen", "price": "859.00", "rating": "5.00", "image_url": null, "image": "APPLE_10.922_iPad_Air_Cellular_2020_-_256_GB_Green.jpg"}}, {"model": "products.product", "pk": 24, "fields": {"category": 11, "sku": "299961", "name": "APPLE 10.9\" iPad Air (2020) - 256 GB, Green", "description": "iPadOS\r\nLiquid Retina display\r\n256 GB storage: Perfect for saving pretty much everything\r\nBattery life: Up to 10 hours\r\nCompatible with Apple Pencil (2nd generation)\r\nGreen", "price": "729.00", "rating": "5.00", "image_url": null, "image": "APPLE_10.922_iPad_Air_2020_-_256_GB_Green.jpg"}}, {"model": "products.product", "pk": 25, "fields": {"category": 11, "sku": "299959", "name": "APPLE 10.9\" iPad Air (2020) - 256 GB, Sky Blue", "description": "iPadOS\r\nLiquid Retina display\r\n256 GB storage: Perfect for saving pretty much everything\r\nBattery life: Up to 10 hours\r\nCompatible with Apple Pencil (2nd generation)\r\nSky Blue", "price": "729.00", "rating": "5.00", "image_url": null, "image": "APPLE_10.922_iPad_Air_2020_-_256_GB_Sky_Blue.jpg"}}, {"model": "products.product", "pk": 26, "fields": {"category": 11, "sku": "299948", "name": "APPLE 10.9\" iPad Air (2020) - 256 GB, Rose Gold", "description": "iPadOS\r\nLiquid Retina display\r\n256 GB storage: Perfect for saving pretty much everything\r\nBattery life: Up to 10 hours\r\nCompatible with Apple Pencil (2nd generation)", "price": "729.00", "rating": "5.00", "image_url": null, "image": "APPLE_10.922_iPad_Air_2020_-_256_GB_Rose_Gold.jpg"}}, {"model": "products.product", "pk": 27, "fields": {"category": 11, "sku": "299947", "name": "APPLE 10.9\" iPad Air (2020) - 256 GB, Space Grey", "description": "iPadOS\r\nLiquid Retina display\r\n256 GB storage: Perfect for saving pretty much everything\r\nBattery life: Up to 10 hours\r\nCompatible with Apple Pencil (2nd generation)\r\nSpace Grey", "price": "729.00", "rating": "5.00", "image_url": null, "image": "APPLE_10.922_iPad_Air_2020_-_256_GB_Space_Grey.jpg"}}, {"model": "products.product", "pk": 28, "fields": {"category": 11, "sku": "299946", "name": "APPLE 10.9\" iPad Air (2020) - 256 GB, Silver", "description": "iPadOS\r\nLiquid Retina display\r\n256 GB storage: Perfect for saving pretty much everything\r\nBattery life: Up to 10 hours\r\nCompatible with Apple Pencil (2nd generation)\r\nSilver", "price": "729.00", "rating": "5.00", "image_url": null, "image": "APPLE_10.922_iPad_Air_2020_-_256_GB_Silver.jpg"}}, {"model": "products.product", "pk": 29, "fields": {"category": 10, "sku": "310688", "name": "APPLE Watch Series 6 Cellular - Space Grey Aluminum with Black Nike Sports Band, 40 mm", "description": "Space Grey & Black (Sports Band)\r\neSIM lets you stay connected without your smartphone\r\nContactless payments via Apple Pay\r\nHealth & fitness tracking with HR / ECG / Blood Oxygen / GPS\r\nBattery life: Up to 18 hours", "price": "479.00", "rating": "5.00", "image_url": null, "image": "APPLE_Watch_Series_6_Cellular_-_Space_Grey_Aluminum_with_Black_Nike_Sports_Band_40_mm.jpg"}}, {"model": "products.product", "pk": 30, "fields": {"category": 9, "sku": "275495", "name": "APPLE Watch Series 5 Cellular - Silver Aluminium with Platinum & Black Nike Sports Band, 44 mm", "description": "Silver & Pure Platinum / Black (Sports Band)\r\nOptional 4G SIM lets you stay connected without your smartphone\r\nContactless payments via Apple Pay\r\nHealth & fitness tracking with heart rate monitor & GPS\r\nBattery life: Up to 18 hours\r\nSilver", "price": "479.00", "rating": "5.00", "image_url": null, "image": "APPLE_Watch_Series_5_Cellular_-_Silver_Aluminium_with_Platinum__Black_Nike_Sports_Band_44_mm.jpg"}}, {"model": "products.product", "pk": 31, "fields": {"category": 10, "sku": "312979", "name": "APPLE Watch Series 6 Cellular - Blue Aluminium with Deep Navy Sports Band, 40 mm", "description": "Blue & Deep Navy (Sports Band)\r\neSIM lets you stay connected without your smartphone\r\nContactless payments via Apple Pay\r\nHealth & fitness tracking with HR / ECG / Blood Oxygen / GPS\r\nBattery life: Up to 18 hours\r\nBlue Aluminium", "price": "479.00", "rating": "5.00", "image_url": null, "image": "APPLE_Watch_Series_6_Cellular_-_Blue_Aluminium_with_Deep_Navy_Sports_Band_40_mm.jpg"}}, {"model": "products.product", "pk": 32, "fields": {"category": 10, "sku": "312958", "name": "APPLE Watch Series 6 Cellular - Silver Aluminium with Pure Platinum & Black Nike Sports Band, 40 mm", "description": "Silver & Pure Platinum / Black (Sports Band)\r\neSIM lets you stay connected without your smartphone\r\nContactless payments via Apple Pay\r\nHealth & fitness tracking with HR / ECG / Blood Oxygen / GPS\r\nBattery life: Up to 18 hours\r\nSilver Aluminium", "price": "479.00", "rating": "5.00", "image_url": null, "image": "APPLE_Watch_Series_6_Cellular_-_Silver_Aluminium_with_Pure_Platinum_Black_Nike_Sports_Band40_mm.jpg"}}, {"model": "products.product", "pk": 33, "fields": {"category": 10, "sku": "310710", "name": "APPLE Watch Series 6 Cellular - Space Grey Aluminium with Black Sports Band, 40 mm", "description": "Space Grey & Black (Sports Band)\r\neSIM lets you stay connected without your smartphone\r\nContactless payments via Apple Pay\r\nHealth & fitness tracking with HR / ECG / Blood Oxygen / GPS\r\nBattery life: Up to 18 hours\r\nSpace Grey", "price": "479.00", "rating": "5.00", "image_url": null, "image": "APPLE_Watch_Series_6_Cellular_-_Space_Grey_Aluminium_with_Black_Sports_Band_40_mm.jpg"}}, {"model": "products.product", "pk": 34, "fields": {"category": 9, "sku": "275813", "name": "APPLE Watch Series 5 Cellular - Space Grey Aluminium with Black Sports Band, 44 mm", "description": "Space Grey & Black (Sports Band)\r\nOptional 4G SIM lets you stay connected without your smartphone\r\nContactless payments via Apple Pay\r\nHealth & fitness tracking with heart rate monitor & GPS\r\nBattery life: Up to 18 hours\r\nSpace Grey", "price": "459.00", "rating": "5.00", "image_url": null, "image": "APPLE_Watch_Series_5_Cellular_-_Space_Grey_Aluminium_with_Black_Sports_Band_44_mm.jpg"}}, {"model": "products.product", "pk": 35, "fields": {"category": 9, "sku": "275812", "name": "APPLE Watch Series 5 Cellular - Gold Aluminium with Pink Sand Sports Band, 44 mm", "description": "Gold & Pink Sand (Sports Band)\r\nOptional 4G SIM lets you stay connected without your smartphone\r\nContactless payments via Apple Pay\r\nHealth & fitness tracking with heart rate monitor & GPS\r\nBattery life: Up to 18 hours\r\nGold Aluminium", "price": "459.00", "rating": "5.00", "image_url": null, "image": "APPLE_Watch_Series_5_Cellular_-_Gold_Aluminium_with_Pink_Sand_Sports_Band_44_mm.jpg"}}, {"model": "products.product", "pk": 36, "fields": {"category": 10, "sku": "310690", "name": "APPLE Watch Series 6 Cellular - Space Grey Aluminum with Black Nike Sports Band, 44 mm", "description": "Space Grey & Black (Sports Band)\r\neSIM lets you stay connected without your smartphone\r\nContactless payments via Apple Pay\r\nHealth & fitness tracking with HR / ECG / Blood Oxygen / GPS\r\nBattery life: Up to 18 hours", "price": "509.00", "rating": "5.00", "image_url": null, "image": "APPLE_Watch_Series_6_Cellular_-_Space_Grey_Aluminum_with_Black_Nike_Sports_Band_44_mm.jpg"}}, {"model": "products.product", "pk": 37, "fields": {"category": 10, "sku": "312986", "name": "APPLE Watch Series 6 Cellular - Gold Aluminium with Pink Sand Sports Band, 44 mm", "description": "Gold & Pink Sand (Sports Band)\r\neSIM lets you stay connected without your smartphone\r\nContactless payments via Apple Pay\r\nHealth & fitness tracking with HR / ECG / Blood Oxygen / GPS\r\nBattery life: Up to 18 hours\r\nGold Aluminium with Pink Sand Sports Band", "price": "509.00", "rating": "5.00", "image_url": null, "image": "APPLE_Watch_Series_6_Cellular_-_Gold_Aluminium_with_Pink_Sand_Sports_Band_44_mm.jpg"}}, {"model": "products.product", "pk": 38, "fields": {"category": 10, "sku": "312982", "name": "APPLE Watch Series 6 Cellular - PRODUCT(RED) Aluminium with PRODUCT(RED) Sports Band, 44 mm", "description": "PRODUCT(RED) (Sports Band)\r\neSIM lets you stay connected without your smartphone\r\nContactless payments via Apple Pay\r\nHealth & fitness tracking with HR / ECG / Blood Oxygen / GPS\r\nBattery life: Up to 18 hours\r\nRed", "price": "509.00", "rating": "5.00", "image_url": null, "image": "APPLE_Watch_Series_6_Cellular_-_PRODUCTRED_Aluminium_with_PRODUCTRED_Sports_Band_44_mm.jpg"}}, {"model": "products.product", "pk": 39, "fields": {"category": 10, "sku": "312981", "name": "APPLE Watch Series 6 Cellular - Blue Aluminium with Deep Navy Sports Band, 44 mm", "description": "Blue & Deep Navy (Sports Band)\r\neSIM lets you stay connected without your smartphone\r\nContactless payments via Apple Pay\r\nHealth & fitness tracking with HR / ECG / Blood Oxygen / GPS\r\nBattery life: Up to 18 hours\r\nBlue Aluminium", "price": "509.00", "rating": "5.00", "image_url": null, "image": "APPLE_Watch_Series_6_Cellular_-_Blue_Aluminium_with_Deep_Navy_Sports_Band_44_mm.jpg"}}, {"model": "products.product", "pk": 40, "fields": {"category": 10, "sku": "312960", "name": "APPLE Watch Series 6 Cellular - Silver Aluminium with Pure Platinum & Black Nike Sports Band, 44 mm", "description": "Silver & Pure Platinum / Black (Sports Band)\r\neSIM lets you stay connected without your smartphone\r\nContactless payments via Apple Pay\r\nHealth & fitness tracking with HR / ECG / Blood Oxygen / GPS\r\nBattery life: Up to 18 hours\r\nSilver Aluminium", "price": "509.00", "rating": "5.00", "image_url": null, "image": "APPLE_Watch_Series_6_Cellular_-_Silver_Aluminium_Pure_Platinum__Black_Nike_Sports_Band44_mm.jpg"}}, {"model": "products.product", "pk": 41, "fields": {"category": 10, "sku": "310726", "name": "APPLE Watch Series 6 Cellular - Space Grey Aluminium with Black Sports Band, 44 mm", "description": "Space Grey & Black (Sports Band)\r\neSIM lets you stay connected without your smartphone\r\nContactless payments via Apple Pay\r\nHealth & fitness tracking with HR / ECG / Blood Oxygen / GPS\r\nBattery life: Up to 18 hours", "price": "509.00", "rating": "5.00", "image_url": null, "image": "APPLE_Watch_Series_6_Cellular_-_Space_Grey_Aluminium_with_Black_Sports_Band_44_mm.jpg"}}, {"model": "products.product", "pk": 42, "fields": {"category": 10, "sku": "310715", "name": "APPLE Watch Series 6 Cellular - Silver Aluminium with White Sports Band, 44 mm", "description": "Silver & White (Sports Band)\r\neSIM lets you stay connected without your smartphone\r\nContactless payments via Apple Pay\r\nHealth & fitness tracking with HR / ECG / Blood Oxygen / GPS\r\nBattery life: Up to 18 hours", "price": "509.00", "rating": "5.00", "image_url": null, "image": "APPLE_Watch_Series_6_Cellular_-_Silver_Aluminium_with_White_Sports_Band_44_mm.jpg"}}, {"model": "products.product", "pk": 43, "fields": {"category": 8, "sku": "313586", "name": "APPLE iPhone 12 Pro Max - 256 GB, Silver", "description": "iOS 14\r\n6.7\" Super Retina XDR display\r\nTriple 12 MP main cameras\r\n12 MP front camera\r\nApple A14 Bionic processor\r\nSilver", "price": "1199.00", "rating": "5.00", "image_url": null, "image": "APPLE_iPhone_12_Pro_Max_-_256_GB_Silver.jpg"}}, {"model": "products.product", "pk": 44, "fields": {"category": 8, "sku": "313585", "name": "APPLE iPhone 12 Pro Max - 256 GB, Gold", "description": "iOS 14\r\n6.7\" Super Retina XDR display\r\nTriple 12 MP main cameras\r\n12 MP front camera\r\nApple A14 Bionic processor\r\nGold", "price": "1199.00", "rating": "5.00", "image_url": null, "image": "APPLE_iPhone_12_Pro_Max_-_256_GB_Gold.jpg"}}, {"model": "products.product", "pk": 45, "fields": {"category": 8, "sku": "313584", "name": "APPLE iPhone 12 Pro Max - 256 GB, Graphite", "description": "iOS 14\r\n6.7\" Super Retina XDR display\r\nTriple 12 MP main cameras\r\n12 MP front camera\r\nApple A14 Bionic processor\r\nGraphite", "price": "1199.00", "rating": "5.00", "image_url": null, "image": "APPLE_iPhone_12_Pro_Max_-_256_GB_Graphite.jpg"}}, {"model": "products.product", "pk": 46, "fields": {"category": 8, "sku": "313579", "name": "APPLE iPhone 12 Pro Max - 128 GB, Gold", "description": "iOS 14\r\n6.7\" Super Retina XDR display\r\nTriple 12 MP main cameras\r\n12 MP front camera\r\nApple A14 Bionic processor\r\nGold", "price": "1099.00", "rating": "5.00", "image_url": null, "image": "APPLE_iPhone_12_Pro_Max_-_128_GB_Gold.jpg"}}, {"model": "products.product", "pk": 47, "fields": {"category": 8, "sku": "313666", "name": "APPLE iPhone 12 Pro Max - 512 GB, Graphite", "description": "iOS 14\r\n6.7\" Super Retina XDR display\r\nTriple 12 MP main cameras\r\n12 MP front camera\r\nApple A14 Bionic processor\r\nGraphite", "price": "1399.00", "rating": "5.00", "image_url": null, "image": "APPLE_iPhone_12_Pro_Max_-_512_GB_Graphite.jpg"}}, {"model": "products.product", "pk": 48, "fields": {"category": 8, "sku": "313665", "name": "APPLE iPhone 12 Pro Max - 512 GB, Pacific Blue", "description": "iOS 14\r\n6.7\" Super Retina XDR display\r\nTriple 12 MP main cameras\r\n12 MP front camera\r\nApple A14 Bionic processor\r\nPacific Blue", "price": "1399.00", "rating": "5.00", "image_url": null, "image": "APPLE_iPhone_12_Pro_Max_-_512_GB_Pacific_Blue.jpg"}}, {"model": "products.product", "pk": 49, "fields": {"category": 8, "sku": "313576", "name": "APPLE iPhone 12 Pro Max - 512 GB, Silver", "description": "iOS 14\r\n6.7\" Super Retina XDR display\r\nTriple 12 MP main cameras\r\n12 MP front camera\r\nApple A14 Bionic processor\r\nSilver", "price": "1399.00", "rating": "5.00", "image_url": null, "image": "APPLE_iPhone_12_Pro_Max_-_512_GB_Silver.jpg"}}, {"model": "products.product", "pk": 50, "fields": {"category": 8, "sku": "313575", "name": "APPLE iPhone 12 Pro Max - 512 GB, Gold", "description": "iOS 14\r\n6.7\" Super Retina XDR display\r\nTriple 12 MP main cameras\r\n12 MP front camera\r\nApple A14 Bionic processor\r\nGold", "price": "1399.00", "rating": "5.00", "image_url": null, "image": "APPLE_iPhone_12_Pro_Max_-_512_GB_Gold.jpg"}}, {"model": "products.product", "pk": 51, "fields": {"category": 8, "sku": "313583", "name": "APPLE iPhone 12 Pro Max - 256 GB, Pacific Blue", "description": "iOS 14\r\n6.7\" Super Retina XDR display\r\nTriple 12 MP main cameras\r\n12 MP front camera\r\nApple A14 Bionic processor\r\nPacific Blue", "price": "1199.00", "rating": "5.00", "image_url": null, "image": "APPLE_iPhone_12_Pro_Max_-_256_GB_Pacific_Blue.jpg"}}, {"model": "products.product", "pk": 52, "fields": {"category": 8, "sku": "313581", "name": "APPLE iPhone 12 Pro Max - 128 GB, Silver", "description": "iOS 14\r\n6.7\" Super Retina XDR display\r\nTriple 12 MP main cameras\r\n12 MP front camera\r\nApple A14 Bionic processor\r\nSilver", "price": "1099.00", "rating": "5.00", "image_url": null, "image": "APPLE_iPhone_12_Pro_Max_-_128_GB_Silver.jpg"}}, {"model": "products.product", "pk": 53, "fields": {"category": 8, "sku": "313578", "name": "APPLE iPhone 12 Pro Max - 128 GB, Graphite", "description": "iOS 14\r\n6.7\" Super Retina XDR display\r\nTriple 12 MP main cameras\r\n12 MP front camera\r\nApple A14 Bionic processor\r\nGraphite", "price": "1099.00", "rating": "5.00", "image_url": null, "image": "APPLE_iPhone_12_Pro_Max_-_128_GB_Graphite.jpg"}}, {"model": "products.product", "pk": 54, "fields": {"category": 7, "sku": "272843", "name": "APPLE iPhone 11 Pro Max - 512 GB, Midnight Green", "description": "iOS 13\r\n6.5\" Super Retina XDR display\r\nTriple 12 MP main cameras\r\n12 MP front camera\r\nApple A13 Bionic processor\r\nMidnight Green", "price": "1349.00", "rating": "5.00", "image_url": null, "image": "APPLE_iPhone_11_Pro_Max_-_512_GB_Midnight_Green.jpg"}}, {"model": "products.product", "pk": 55, "fields": {"category": 7, "sku": "272843", "name": "APPLE iPhone 11 Pro Max - 512 GB, Gold", "description": "iOS 13\r\n6.5\" Super Retina XDR display\r\nTriple 12 MP main cameras\r\n12 MP front camera\r\nApple A13 Bionic processor\r\nGold", "price": "1349.00", "rating": "5.00", "image_url": null, "image": "APPLE_iPhone_11_Pro_Max_-_512_GB_Gold.jpg"}}, {"model": "products.product", "pk": 56, "fields": {"category": 7, "sku": "272834", "name": "APPLE iPhone 11 Pro Max - 512 GB, Silver", "description": "iOS 13\r\n6.5\" Super Retina XDR display\r\nTriple 12 MP main cameras\r\n12 MP front camera\r\nApple A13 Bionic processor\r\nSilver", "price": "1349.00", "rating": "5.00", "image_url": null, "image": "APPLE_iPhone_11_Pro_Max_-_512_GB_Silver.jpg"}}, {"model": "products.product", "pk": 57, "fields": {"category": 7, "sku": "272832", "name": "APPLE iPhone 11 Pro Max - 512 GB, Space Grey", "description": "iOS 13\r\n6.5\" Super Retina XDR display\r\nTriple 12 MP main cameras\r\n12 MP front camera\r\nApple A13 Bionic processor\r\nSpace Grey", "price": "1349.00", "rating": "5.00", "image_url": null, "image": "APPLE_iPhone_11_Pro_Max_-_512_GB_Space_Grey.jpg"}}, {"model": "products.product", "pk": 58, "fields": {"category": 7, "sku": "272842", "name": "APPLE iPhone 11 Pro Max - 256 GB, Midnight Green", "description": "iOS 13\r\n6.5\" Super Retina XDR display\r\nTriple 12 MP main cameras\r\n12 MP front camera\r\nApple A13 Bionic processor\r\nMidnight Green", "price": "1149.00", "rating": "5.00", "image_url": null, "image": "APPLE_iPhone_11_Pro_Max_-_256_GB_Midnight_Green.jpg"}}, {"model": "products.product", "pk": 59, "fields": {"category": 7, "sku": "272831", "name": "APPLE iPhone 11 Pro Max - 256 GB, Gold", "description": "iOS 13\r\n6.5\" Super Retina XDR display\r\nTriple 12 MP main cameras\r\n12 MP front camera\r\nApple A13 Bionic processor\r\nGold", "price": "1149.00", "rating": "5.00", "image_url": null, "image": "APPLE_iPhone_11_Pro_Max_-_256_GB_Gold.jpg"}}, {"model": "products.product", "pk": 60, "fields": {"category": 7, "sku": "272830", "name": "APPLE iPhone 11 Pro Max - 256 GB, Silver", "description": "iOS 13\r\n6.5\" Super Retina XDR display\r\nTriple 12 MP main cameras\r\n12 MP front camera\r\nApple A13 Bionic processor\r\nSilver", "price": "1149.00", "rating": "5.00", "image_url": null, "image": "APPLE_iPhone_11_Pro_Max_-_256_GB_Silver.jpg"}}, {"model": "products.product", "pk": 61, "fields": {"category": 7, "sku": "272828", "name": "APPLE iPhone 11 Pro Max - 256 GB, Space Grey", "description": "iOS 13\r\n6.5\" Super Retina XDR display\r\nTriple 12 MP main cameras\r\n12 MP front camera\r\nApple A13 Bionic processor", "price": "1149.00", "rating": "5.00", "image_url": null, "image": "APPLE_iPhone_11_Pro_Max_-_256_GB_Space_Grey.jpg"}}, {"model": "products.product", "pk": 62, "fields": {"category": 7, "sku": "272840", "name": "APPLE iPhone 11 Pro Max - 64 GB, Midnight Green", "description": "iOS 13\r\n6.5\" Super Retina XDR display\r\nTriple 12 MP main cameras\r\n12 MP front camera\r\nApple A13 Bionic processor\r\nMidnight Green", "price": "999.00", "rating": "5.00", "image_url": null, "image": "APPLE_iPhone_11_Pro_Max_-_64_GB_Midnight_Green.jpg"}}, {"model": "products.product", "pk": 63, "fields": {"category": 7, "sku": "272827", "name": "APPLE iPhone 11 Pro Max - 64 GB, Gold", "description": "iOS 13\r\n6.5\" Super Retina XDR display\r\nTriple 12 MP main cameras\r\n12 MP front camera\r\nApple A13 Bionic processor\r\nGold", "price": "999.00", "rating": "5.00", "image_url": null, "image": "APPLE_iPhone_11_Pro_Max_-_64_GB_Gold.jpg"}}, {"model": "products.product", "pk": 64, "fields": {"category": 7, "sku": "272826", "name": "APPLE iPhone 11 Pro Max - 64 GB, Silver", "description": "iOS 13\r\n6.5\" Super Retina XDR display\r\nTriple 12 MP main cameras\r\n12 MP front camera\r\nApple A13 Bionic processor\r\nSilver", "price": "999.00", "rating": "5.00", "image_url": null, "image": "APPLE_iPhone_11_Pro_Max_-_64_GB_Silver.jpg"}}, {"model": "products.product", "pk": 65, "fields": {"category": 7, "sku": "272824", "name": "APPLE iPhone 11 Pro Max - 64 GB, Space Grey", "description": "iOS 13\r\n6.5\" Super Retina XDR display\r\nTriple 12 MP main cameras\r\n12 MP front camera\r\nApple A13 Bionic processor", "price": "999.00", "rating": "5.00", "image_url": null, "image": "APPLE_iPhone_11_Pro_Max_-_64_GB_Space_Grey.jpg"}}, {"model": "products.product", "pk": 66, "fields": {"category": 12, "sku": "287838", "name": "APPLE 12.9\" iPad Pro (2020) Cellular - 1 TB, Space Grey", "description": "iPadOS\r\nLiquid Retina display\r\n1 TB storage: Perfect for saving pretty much everything\r\nBattery life: Up to 10 hours\r\nCompatible with Apple Pencil (2nd generation) / Magic Keyboard / Smart Keyboard Folio", "price": "1529.00", "rating": "5.00", "image_url": null, "image": "APPLE_12.922_iPad_Pro_2020_Cellular_-_1_TB_Space_Grey.jpg"}}, {"model": "products.product", "pk": 67, "fields": {"category": 12, "sku": "287835", "name": "APPLE 12.9” iPad Pro (2020) - 1 TB, Space Grey", "description": "iPadOS\r\nLiquid Retina display\r\n1 TB storage: Perfect for saving pretty much everything\r\nBattery life: Up to 10 hours\r\nCompatible with Apple Pencil (2nd generation) / Magic Keyboard / Smart Keyboard Folio", "price": "1469.00", "rating": "5.00", "image_url": null, "image": "APPLE_12.9_iPad_Pro_2020_-_1_TB_Space_Grey.jpg"}}, {"model": "products.product", "pk": 68, "fields": {"category": 12, "sku": "287837", "name": "APPLE 12.9” iPad Pro (2020) - 1 TB, Silver", "description": "iPadOS\r\nLiquid Retina display\r\n1 TB storage: Perfect for saving pretty much everything\r\nBattery life: Up to 10 hours\r\nCompatible with Apple Pencil (2nd generation) / Magic Keyboard / Smart Keyboard Folio", "price": "1469.00", "rating": "5.00", "image_url": null, "image": "APPLE_12.9_iPad_Pro_2020_-_1_TB_Silver.jpg"}}, {"model": "products.product", "pk": 69, "fields": {"category": 12, "sku": "287823", "name": "APPLE 12.9\" iPad Pro (2020) Cellular - 512 GB, Space Grey", "description": "iPadOS\r\nLiquid Retina display\r\n512 GB storage: Perfect for saving pretty much everything\r\nBattery life: Up to 10 hours\r\nCompatible with Apple Pencil (2nd generation) / Magic Keyboard / Smart Keyboard Folio", "price": "1419.00", "rating": "5.00", "image_url": null, "image": "APPLE_12.922_iPad_Pro_2020_Cellular_-_512_GB_Space_Grey.jpg"}}, {"model": "products.product", "pk": 70, "fields": {"category": 12, "sku": "287829", "name": "APPLE 12.9\" iPad Pro (2020) Cellular - 512 GB, Silver", "description": "iPadOS\r\nLiquid Retina display\r\n512 GB storage: Perfect for saving pretty much everything\r\nBattery life: Up to 10 hours\r\nCompatible with Apple Pencil (2nd generation) / Magic Keyboard / Smart Keyboard Folio", "price": "1419.00", "rating": "5.00", "image_url": null, "image": "APPLE_12.922_iPad_Pro_2020_Cellular_-_512_GB_Silver.jpg"}}, {"model": "products.product", "pk": 71, "fields": {"category": 12, "sku": "287833", "name": "APPLE 11\" iPad Pro (2020) Cellular - 1 TB, Space Grey", "description": "iPadOS\r\nLiquid Retina display\r\n1 TB storage: Perfect for saving pretty much everything\r\nBattery life: Up to 10 hours\r\nCompatible with Apple Pencil (2nd generation) / Magic Keyboard / Smart Keyboard Folio", "price": "1419.00", "rating": "5.00", "image_url": null, "image": "APPLE_1122_iPad_Pro_2020_Cellular_-_1_TB_Space_Grey.jpg"}}, {"model": "products.product", "pk": 72, "fields": {"category": 12, "sku": "287840", "name": "APPLE 12.9\" iPad Pro (2020) Cellular - 1 TB, Silver", "description": "iPadOS\r\nLiquid Retina display\r\n1 TB storage: Perfect for saving pretty much everything\r\nBattery life: Up to 10 hours\r\nCompatible with Apple Pencil (2nd generation) / Magic Keyboard / Smart Keyboard Folio", "price": "1415.00", "rating": "5.00", "image_url": null, "image": "APPLE_12.922_iPad_Pro_2020_Cellular_-_1_TB_Silver.jpg"}}, {"model": "products.product", "pk": 73, "fields": {"category": 12, "sku": "287834", "name": "APPLE 11\" iPad Pro (2020) Cellular - 1 TB, Silver", "description": "iPadOS\r\nLiquid Retina display\r\n1 TB storage: Perfect for saving pretty much everything\r\nBattery life: Up to 10 hours\r\nCompatible with Apple Pencil (2nd generation) / Magic Keyboard / Smart Keyboard Folio", "price": "1340.95", "rating": "5.00", "image_url": null, "image": "APPLE_1122_iPad_Pro_2020_Cellular_-_1_TB_Silver.jpg"}}, {"model": "products.product", "pk": 74, "fields": {"category": 12, "sku": "287817", "name": "APPLE 12.9” iPad Pro (2020) - 512 GB, Space Grey", "description": "iPadOS\r\nLiquid Retina display\r\n512 GB storage: Perfect for saving pretty much everything\r\nBattery life: Up to 10 hours\r\nCompatible with Apple Pencil (2nd generation) / Magic Keyboard / Smart Keyboard Folio", "price": "1269.00", "rating": "5.00", "image_url": null, "image": "APPLE_12.9_iPad_Pro_2020_-_512_GB_Space_Grey.jpg"}}, {"model": "products.product", "pk": 75, "fields": {"category": 12, "sku": "287831", "name": "APPLE 11\" iPad Pro (2020) - 1 TB, Space Grey", "description": "iPadOS\r\nLiquid Retina display\r\n1 TB storage: Perfect for saving pretty much everything\r\nBattery life: Up to 10 hours\r\nCompatible with Apple Pencil (2nd generation) / Magic Keyboard / Smart Keyboard Folio", "price": "1269.00", "rating": "5.00", "image_url": null, "image": "APPLE_1122_iPad_Pro_2020_-_1_TB_Space_Grey.jpg"}}, {"model": "products.product", "pk": 77, "fields": {"category": 13, "sku": "288459", "name": "APPLE Mac Mini (2020) - 512 GB SSD", "description": "macOS Catalina\r\nIntel® Core™ i5 Processor\r\nRAM: 8 GB / Storage: 512 GB SSD", "price": "1099.00", "rating": "5.00", "image_url": null, "image": "APPLE_Mac_Mini_2020_-_512_GB_SSD.jpg"}}, {"model": "products.product", "pk": 78, "fields": {"category": 13, "sku": "314810", "name": "APPLE Mac Mini - Apple M1, 512 GB SSD", "description": "macOS\r\nApple M1 chip\r\nRAM: 8 GB / Storage: 512 GB SSD", "price": "899.00", "rating": "5.00", "image_url": null, "image": "APPLE_Mac_Mini_-_Apple_M1_512_GB_SSD.jpg"}}, {"model": "products.product", "pk": 79, "fields": {"category": 13, "sku": "288458", "name": "APPLE Mac Mini (2020) - 256 GB SSD", "description": "macOS Catalina\r\nIntel® Core™ i3 Processor\r\nRAM: 8 GB / Storage: 256 GB SSD", "price": "799.00", "rating": "5.00", "image_url": null, "image": "APPLE_Mac_Mini_2020_-_256_GB_SSD.jpg"}}, {"model": "products.product", "pk": 80, "fields": {"category": 13, "sku": "314808", "name": "APPLE Mac Mini - Apple M1, 256 GB SSD", "description": "macOS\r\nApple M1 chip\r\nRAM: 8 GB / Storage: 256 GB SSD", "price": "699.00", "rating": "5.00", "image_url": null, "image": "APPLE_Mac_Mini_-_Apple_M1_256_GB_SSD.jpg"}}, {"model": "products.product", "pk": 81, "fields": {"category": 16, "sku": "309505", "name": "APPLE 27\" 5K iMac Pro (2020) - Intel® Xeon®, 1 TB SSD", "description": "macOS\r\nIntel® Xeon® W Processor\r\nRAM: 32 GB / Storage: 1 TB SSD\r\nGraphics: AMD Radeon Pro Vega 56\r\n5K Ultra HD display", "price": "4999.00", "rating": "5.00", "image_url": null, "image": "APPLE_2722_5K_iMac_Pro_2020_-_Intel_Xeon_1_TB_SSD.jpg"}}, {"model": "products.product", "pk": 82, "fields": {"category": 16, "sku": "229145", "name": "APPLE 27\" 5K iMac Pro (2017) - Intel® Xeon®, 1 TB SSD", "description": "macOS\r\nIntel® Xeon® W Processor\r\nRAM: 32 GB / Storage: 1 TB SSD\r\nGraphics: AMD Radeon Pro Vega 56\r\nWith built-in WiFi", "price": "3299.00", "rating": "5.00", "image_url": null, "image": "APPLE_2722_5K_iMac_Pro_2017_-_Intel_Xeon_1_TB_SSD.jpg"}}, {"model": "products.product", "pk": 83, "fields": {"category": 14, "sku": "248947", "name": "APPLE iPhone XR - 64 GB, Black", "description": "iOS 12\r\n6.1\" HD Liquid Retina touchscreen\r\n12 MP main camera\r\n7 MP front camera\r\nApple A12 Bionic processor", "price": "499.00", "rating": "5.00", "image_url": null, "image": "APPLE_iPhone_XR_-_64_GB_Black.jpg"}}, {"model": "products.product", "pk": 84, "fields": {"category": 14, "sku": "248948", "name": "APPLE iPhone XR - 64 GB, White", "description": "iOS 12\r\n6.1\" HD Liquid Retina touchscreen\r\n12 MP main camera\r\n7 MP front camera\r\nApple A12 Bionic processor", "price": "499.00", "rating": "5.00", "image_url": null, "image": "APPLE_iPhone_XR_-_64_GB_White.jpg"}}, {"model": "products.product", "pk": 85, "fields": {"category": 14, "sku": "248950", "name": "APPLE iPhone XR - 64 GB, Yellow", "description": "iOS 12\r\n6.1\" HD Liquid Retina touchscreen\r\n12 MP main camera\r\n7 MP front camera\r\nApple A12 Bionic processor", "price": "499.00", "rating": "5.00", "image_url": null, "image": "APPLE_iPhone_XR_-_64_GB_Yellow.jpg"}}, {"model": "products.product", "pk": 86, "fields": {"category": 14, "sku": "248951", "name": "APPLE iPhone XR - 64 GB, Blue", "description": "iOS 12\r\n6.1\" HD Liquid Retina touchscreen\r\n12 MP main camera\r\n7 MP front camera\r\nApple A12 Bionic processor", "price": "499.00", "rating": "5.00", "image_url": null, "image": "APPLE_iPhone_XR_-_64_GB_Blue.jpg"}}, {"model": "products.product", "pk": 87, "fields": {"category": 14, "sku": "248952", "name": "APPLE iPhone XR - 64 GB, Coral", "description": "iOS 12\r\n6.1\" HD Liquid Retina touchscreen\r\n12 MP main camera\r\n7 MP front camera\r\nApple A12 Bionic processor", "price": "499.00", "rating": "5.00", "image_url": null, "image": "APPLE_iPhone_XR_-_64_GB_Coral.jpg"}}, {"model": "products.product", "pk": 88, "fields": {"category": 15, "sku": "177177", "name": "APPLE iPhone 7 - Rose Gold, 32 GB", "description": "iOS 10\r\n4.7\" Retina HD display\r\n12 MP main camera\r\n7 MP front camera\r\nApple A10 Fusion processor", "price": "299.00", "rating": "5.00", "image_url": "https://github.com/stanciudorin/appleitems/blob/master/media/APPLE_iPhone_7_-_Rose_Gold_32_GB.jpg?raw=true", "image": "APPLE_iPhone_7_-_Rose_Gold_32_GB.jpg"}}, {"model": "products.product", "pk": 89, "fields": {"category": 15, "sku": "177178", "name": "APPLE iPhone 7 - Silver, 32 GB", "description": "iOS 10\r\n4.7\" Retina HD display\r\n12 MP main camera\r\n7 MP front camera\r\nApple A10 Fusion processor", "price": "299.00", "rating": "5.00", "image_url": "https://github.com/stanciudorin/appleitems/blob/master/media/APPLE_iPhone_7_-_Silver_32_GB.jpg?raw=true", "image": "APPLE_iPhone_7_-_Silver_32_GB.jpg"}}, {"model": "products.product", "pk": 90, "fields": {"category": 15, "sku": "177181", "name": "APPLE iPhone 7 - 32 GB, Black", "description": "iOS 10\r\n4.7\" Retina HD display\r\n12 MP main camera\r\n7 MP front camera\r\nApple A10 Fusion processor", "price": "299.00", "rating": "5.00", "image_url": "https://github.com/stanciudorin/appleitems/blob/master/media/APPLE_iPhone_7_-_32_GB_Black.jpg?raw=true", "image": "APPLE_iPhone_7_-_32_GB_Black.jpg"}}, {"model": "checkout.order", "pk": 1, "fields": {"order_number": "DAE1C125C0A94A8D96CF3A9080A384AE", "user_profile": null, "full_name": "Dorin Stanciu", "email": "stanciudorin@yahoo.com", "phone_number": "745067242", "country": "RO", "postcode": "400622", "town_or_city": "Cluj Napoca", "street_address1": "str Clopoteilor nr 1", "street_address2": null, "county": "Cluj", "date": "2020-12-09T15:15:13.469Z", "delivery_cost": "0.00", "order_total": "1998.00", "grand_total": "1998.00", "original_bag": "{\"1\": 1, \"2\": 1}", "stripe_pid": "pi_1HwUNGJFi7HSR98CRaCGsDN1"}}, {"model": "checkout.order", "pk": 2, "fields": {"order_number": "8B742CC8ED6A460086C8E460035977C3", "user_profile": null, "full_name": "jhjh", "email": "a@a.com", "phone_number": "15415", "country": "AM", "postcode": "jknkn", "town_or_city": "kjnkjn", "street_address1": "kjnkn", "street_address2": "k", "county": "kjnkjn", "date": "2020-12-09T20:45:28.791Z", "delivery_cost": "0.00", "order_total": "859.00", "grand_total": "859.00", "original_bag": "{\"19\": 1}", "stripe_pid": "pi_1HwZWvJFi7HSR98Ck43XNHSb"}}, {"model": "checkout.order", "pk": 3, "fields": {"order_number": "3193A6A44159425DBF212EEF598A5F62", "user_profile": null, "full_name": "jjhhjkh", "email": "A@A.com", "phone_number": "5111", "country": "AR", "postcode": "jknkjn", "town_or_city": "jnk", "street_address1": "nnkj", "street_address2": "kjnk", "county": "nk", "date": "2020-12-09T21:10:21.687Z", "delivery_cost": "0.00", "order_total": "859.00", "grand_total": "859.00", "original_bag": "{\"19\": 1}", "stripe_pid": "pi_1HwZv6JFi7HSR98Cgcf9yzBS"}}, {"model": "checkout.order", "pk": 4, "fields": {"order_number": "59691ABF05864D1892AB62285159ED75", "user_profile": null, "full_name": "Name Name", "email": "name@name.com", "phone_number": "1234567890", "country": "GB", "postcode": "NAME", "town_or_city": "City Name", "street_address1": "Street Name", "street_address2": null, "county": "County Name", "date": "2020-12-09T21:15:31.264Z", "delivery_cost": "0.00", "order_total": "1829.00", "grand_total": "1829.00", "original_bag": "{\"15\": 1}", "stripe_pid": "pi_1HwZzWJFi7HSR98CZKHKL1WK"}}, {"model": "checkout.order", "pk": 5, "fields": {"order_number": "7FB3F42586FF4F33933FDB495FADC6A2", "user_profile": null, "full_name": "Name Name", "email": "name@name.com", "phone_number": "01234567890", "country": "GB", "postcode": "NAME", "town_or_city": "City Name", "street_address1": "Street Name", "street_address2": null, "county": "County Name", "date": "2020-12-10T15:42:49.322Z", "delivery_cost": "0.00", "order_total": "999.00", "grand_total": "999.00", "original_bag": "{\"1\": 1}", "stripe_pid": "pi_1HwoiHJFi7HSR98CnAvWroxg"}}, {"model": "checkout.orderlineitem", "pk": 2, "fields": {"order": 1, "product": 1, "quantity": 1, "lineitem_total": "999.00"}}, {"model": "checkout.orderlineitem", "pk": 3, "fields": {"order": 1, "product": 2, "quantity": 1, "lineitem_total": "999.00"}}, {"model": "checkout.orderlineitem", "pk": 4, "fields": {"order": 2, "product": 19, "quantity": 1, "lineitem_total": "859.00"}}, {"model": "checkout.orderlineitem", "pk": 5, "fields": {"order": 3, "product": 19, "quantity": 1, "lineitem_total": "859.00"}}, {"model": "checkout.orderlineitem", "pk": 6, "fields": {"order": 4, "product": 15, "quantity": 1, "lineitem_total": "1829.00"}}, {"model": "checkout.orderlineitem", "pk": 7, "fields": {"order": 5, "product": 1, "quantity": 1, "lineitem_total": "999.00"}}, {"model": "profiles.userprofile", "pk": 3, "fields": {"user": 4, "default_phone_number": null, "default_street_address1": null, "default_street_address2": null, "default_town_or_city": null, "default_county": null, "default_postcode": null, "default_country": null}}, {"model": "profiles.userprofile", "pk": 4, "fields": {"user": 5, "default_phone_number": null, "default_street_address1": null, "default_street_address2": null, "default_town_or_city": null, "default_county": null, "default_postcode": null, "default_country": null}}]